projectId,themeId
101037424,2
101037424,3
101037424,5
101037424,6
101037424,7
101037424,8
101037424,10
101037424,11
101112728,7
101112728,9
101214343,2
101214343,3
101214343,4
101214343,5
101214343,7
101214343,10
101214343,11
101214343,12
101037084,1
101037084,2
101037084,3
101037084,4
101037084,5
101037084,6
101037084,7
101037084,8
101037084,9
101037084,10
101037084,11
101037084,12
101037084,13
101212990,1
101212990,2
101212990,4
101212990,5
101212990,7
101212990,9
101212990,10
101212990,11
101212990,12
101214666,4
101214666,7
101214666,9
101214666,10
101214666,11
101214666,12
101215174,2
101215174,4
101215174,5
101215174,6
101215174,7
101215174,9
101215174,12
101093873,1
101093873,2
101093873,3
101093873,4
101093873,6
101093873,7
101093873,9
101093873,11
101093873,12
101093873,13
101093968,1
101093968,3
101093968,4
101093968,6
101093968,7
101093968,10
101093968,11
101093968,12
101093968,13
101212794,1
101212794,2
101212794,3
101212794,4
101212794,5
101212794,9
101212794,10
101212794,11
101212794,12
101212761,1
101212761,3
101212761,4
101212761,7
101212761,10
101212761,11
101214311,1
101214311,2
101214311,4
101214311,7
101214311,9
101214311,11
101214311,12
101036683,1
101036683,2
101036683,3
101036683,4
101036683,7
101036683,9
101036683,10
101036683,11
101036683,12
101036683,13
101215153,4
101215153,7
101215153,10
101215153,11
101215153,12
101112837,2
101112837,7
101112837,8
101112837,9
101112837,13
101212639,1
101212639,4
101212639,7
101212639,10
101093864,1
101093864,6
101093864,7
101093864,10
101093864,11
101093864,12
101093864,13
101093942,1
101093942,4
101093942,10
101093942,11
101093942,12
101036560,1
101036560,4
101036560,7
101036560,10
101036560,12
101213634,1
101213634,3
101213634,4
101213634,6
101213634,7
101213634,8
101213634,10
101213634,12
101213634,13
101112737,1
101112737,2
101112737,3
101112737,4
101112737,7
101112737,10
101112737,11
101112737,12
101112731,2
101112731,3
101112731,4
101112731,7
101112731,8
101112731,10
101112731,11
101112731,12
101112731,13
101213138,1
101213138,3
101213138,4
101213138,7
101213138,11
101139637,3
101139637,4
101139637,6
101139637,11
101139637,12
101139598,1
101139598,2
101139598,3
101139598,4
101139598,6
101139598,7
101139598,10
101139598,11
101139598,12
101112972,1
101112972,2
101112972,3
101112972,4
101112972,5
101112972,6
101112972,7
101112972,9
101112972,10
101112972,11
101112972,12
101112972,13
101214172,1
101214172,3
101214172,4
101214172,7
101214172,8
101214172,9
101214172,11
101139730,3
101139730,4
101139730,5
101139730,6
101139730,7
101139730,9
101139730,10
101139730,11
101139730,12
101112781,1
101112781,3
101112781,4
101112781,8
101112781,13
101112876,1
101112876,2
101112876,3
101112876,4
101112876,9
101112876,12
101112859,1
101112859,2
101112859,13
101112836,1
101112836,2
101112836,3
101112836,4
101112836,6
101112836,7
101112836,8
101112836,11
101112836,12
101112836,13
101214414,1
101214414,3
101214414,4
101214414,7
101214414,8
101214414,9
101214414,10
101214414,11
101214414,12
101214414,13
101139636,3
101139636,4
101139636,5
101139636,6
101139636,7
101139636,9
101139636,11
101139636,13
101214051,1
101214051,3
101214051,4
101214051,6
101214051,7
101214051,8
101214051,9
101214051,11
101214051,13
101214557,7
101214557,8
101214557,11
101213184,3
101213184,7
101213184,8
101213184,9
101213184,11
101213184,13
101214563,1
101214563,3
101214563,4
101214563,7
101214563,10
101214563,11
101214563,12
101214563,13
101139711,1
101139711,3
101139711,4
101139711,7
101139711,11
101112705,1
101112705,2
101112705,3
101112705,4
101112705,6
101112705,7
101112705,10
101112705,12
101212947,1
101212947,4
101212947,6
101212947,7
101212947,9
101212947,13
101112860,2
101112860,3
101112860,4
101112860,7
101112860,9
101112860,10
101112860,11
101112860,12
101112841,1
101112841,3
101112841,6
101112841,7
101112841,8
101112841,11
101214441,1
101214441,3
101214441,7
101214441,9
101214441,11
101112867,1
101112867,2
101112867,3
101112867,4
101112867,7
101112867,9
101112867,11
101157643,1
101157643,2
101157643,4
101157643,5
101157643,7
101157643,11
101157643,13
101157458,5
101157458,7
101157458,10
101157458,11
101157458,12
101156653,8
101156653,9
101156653,13
101155958,2
101155958,3
101155958,4
101155958,5
101155958,7
101155958,10
101155958,11
101157447,3
101157447,6
101157447,8
101157447,13
101093806,6
101093806,7
101093806,11
101157707,3
101157707,4
101157707,6
101157707,10
101157707,11
101157707,13
101093854,6
101093854,9
101093854,7
101157448,3
101157448,6
101157448,10
101093939,4
101093939,5
101093939,6
101093939,7
101093939,11
101156281,1
101156281,2
101156281,3
101156281,4
101156281,5
101156281,6
101156281,7
101156281,8
101156281,9
101156281,10
101156281,11
101156281,12
101156281,13
101156076,1
101156076,3
101156076,4
101156076,7
101156076,9
101156076,10
101156076,11
101156076,12
101156076,13
101157094,3
101157094,7
101157094,8
101157094,11
101155748,1
101155748,2
101155748,3
101155748,4
101155748,8
101155748,9
101155748,11
101155748,12
101093921,2
101093921,4
101093921,5
101093921,7
101093921,9
101093921,11
101093921,12
101094021,2
101094021,8
101094021,10
101094021,11
101094021,12
101112919,1
101112919,2
101112919,3
101112919,4
101112919,5
101112919,6
101112919,7
101112919,9
101112919,10
101112919,11
101112919,12
101112919,13
101112906,3
101112906,8
101112906,6
101112906,7
101112906,11
101112906,12
101112906,13
101112738,3
101112738,4
101112738,7
101112738,11
101112738,13
101156116,1
101156116,2
101156116,3
101156116,4
101156116,5
101156116,6
101156116,7
101156116,8
101156116,9
101156116,10
101156116,11
101156116,12
101156116,13
