projectId,entityId,type,order,totalCost,ecContribution,netEcContribution,sme,terminated
101036560,915056194,participant,6,250487.5,250487.5,250487.5,0,0
101036560,999693350,participant,7,265625,265625,265625,1,0
101036560,952610423,participant,8,401250,401250,401250,1,0
101036560,998945868,participant,3,299172.5,299172.5,299172.5,0,0
101036560,984364246,participant,5,280562.5,280562.5,280562.5,0,0
101036560,923763690,coordinator,1,410250,410250,410250,0,0
101036560,892204158,participant,9,253125,253125,253125,1,0
101036560,900885658,participant,4,398125,398125,267968.75,1,0
101036560,950220149,thirdParty,4,0,0,130156.25,1,0
101036560,998341364,participant,2,435875,435875,435875,1,0
101036683,999902870,coordinator,1,1298750,1298750,1298750,0,0
101036683,949351126,participant,15,807937.5,807937.5,807937.5,1,0
101036683,933973716,participant,19,425000,425000,425000,0,0
101036683,937657194,participant,4,468437.5,327906.25,327906.25,1,0
101036683,997355650,participant,18,699062.5,699062.5,699062.5,0,0
101036683,890816670,thirdParty,6,0,0,63000,0,0
101036683,992798008,participant,6,788843.75,552190.63,489190.63,1,0
101036683,991809966,participant,17,593125,593125,593125,0,0
101036683,999829635,thirdParty,7,0,0,30000,0,0
101036683,999464042,participant,5,512187.5,512187.5,512187.5,0,0
101036683,926101390,participant,13,287500,201250,201250,1,0
101036683,900779637,participant,22,177500,177500,177500,0,0
101036683,999963301,participant,14,837836.25,837836.25,837836.25,0,0
101036683,999978239,participant,8,488312.5,488312.5,488312.5,0,0
101036683,927784243,participant,16,667187.5,667187.5,667187.5,0,0
101036683,891590633,participant,3,924187.5,646931.25,646931.25,1,0
101036683,952516430,participant,20,185073.75,185073.75,185073.75,0,0
101036683,951915806,participant,7,333625,333625,303625,0,0
101036683,999419422,participant,2,977187.5,977187.5,977187.5,0,0
101036683,999543776,participant,21,391250,273875,273875,1,0
101036683,999977851,participant,11,457943.75,457943.75,457943.75,0,0
101036683,999912570,participant,9,485875,485875,485875,0,0
101036683,999630494,participant,12,452500,452500,452500,0,0
101036683,999591209,participant,10,471000,471000,471000,0,0
101037084,999880560,participant,14,129200,129200,129200,0,0
101037084,999874643,participant,6,1219462.5,1219462.5,1219462.5,0,0
101037084,998279769,participant,17,722375,523662.5,523662.5,0,0
101037084,891614689,participant,25,0,0,0,0,1
101037084,891626038,participant,24,263625,263625,263625,0,0
101037084,890715111,participant,2,966625,676637.5,131971.88,1,0
101037084,947904080,participant,13,77495.25,77495.25,77495.25,0,1
101037084,961820476,participant,34,128252.25,128252.25,128252.25,0,0
101037084,999895983,participant,15,204250,204250,204250,0,0
101037084,999978142,participant,4,890838.13,890838.13,890838.13,0,0
101037084,950629877,participant,27,436750,436750,436750,0,0
101037084,919124762,participant,22,341550.1,239085,239085,1,0
101037084,999976493,participant,23,154250,154250,154250,0,0
101037084,968362350,participant,11,45531.87,45531.87,45531.87,0,0
101037084,997054077,thirdParty,16,0,0,78750,1,0
101037084,903855313,participant,30,249500,249500,249500,0,0
101037084,999918972,participant,31,213835,213835,213835,0,0
101037084,883089747,thirdParty,2,0,0,29290.62,1,0
101037084,898288580,participant,12,311125,217787.5,217787.5,1,0
101037084,905662714,participant,19,478500,478500,478500,0,0
101037084,999887253,participant,5,748875,748875,748875,0,0
101037084,999604304,participant,21,471062.5,471062.5,471062.5,0,0
101037084,892096779,participant,26,988625,988625,988625,0,0
101037084,998341461,participant,33,140555.36,115162.5,115162.5,0,0
101037084,887451740,thirdParty,2,0,0,515375,1,0
101037084,999884925,participant,8,263000,263000,263000,0,0
101037084,957970449,participant,10,325500,227850,227850,0,0
101037084,999533106,participant,7,321225,321225,321225,0,0
101037084,999896856,participant,9,342395,342395,342395,0,0
101037084,928030235,coordinator,1,1941265,1941265,1941265,0,0
101037084,907081727,participant,28,285500,285500,285500,0,0
101037084,916295951,participant,32,744750,744750,744750,0,0
101037084,997579235,participant,29,601507.14,421055,421055,0,0
101037084,894026012,participant,16,515375,360762.5,282012.5,1,0
101037084,994305776,participant,20,263468.75,184428.13,184428.13,0,0
101037084,998307123,participant,3,1003000,1003000,1003000,0,0
101037084,904326927,participant,18,435500,304850,304850,1,0
101037424,926006912,thirdParty,38,0,0,52132.5,1,0
101037424,996713801,participant,23,440000,308000,308000,0,0
101037424,903166225,participant,21,507535.71,384375,287375,1,0
101037424,998279769,participant,3,866250,606375,606375,0,0
101037424,999864555,participant,5,851062.5,851062.5,851062.5,0,0
101037424,999978433,participant,8,633750,633750,633750,0,0
101037424,999597223,participant,11,312500,312500,312500,0,0
101037424,949351126,participant,31,150500,150500,150500,1,0
101037424,999628069,participant,18,207750,207750,207750,0,0
101037424,937252025,participant,29,178250,178250,178250,0,0
101037424,900826682,participant,24,140000,98000,98000,1,0
101037424,999895692,participant,13,252500,252500,252500,0,0
101037424,999562788,participant,7,748750,748750,748750,0,0
101037424,892020440,participant,38,511432.5,489090,436957.5,0,0
101037424,899127436,participant,36,100000,100000,100000,0,0
101037424,999841663,participant,19,206250,206250,206250,0,0
101037424,997594173,participant,17,358750,358750,358750,0,0
101037424,903855313,participant,34,169645,169645,169645,0,0
101037424,891632925,participant,30,542500,542500,542500,0,0
101037424,999991722,participant,9,572960,572960,572960,0,0
101037424,997802238,participant,32,186600,186600,186600,0,0
101037424,934437667,participant,16,304750,304750,304750,0,0
101037424,892041489,participant,22,147937.5,103556.25,103556.25,1,0
101037424,892204158,participant,35,173750,173750,173750,1,0
101037424,890805515,thirdParty,21,0,0,97000,0,0
101037424,926686882,participant,28,299000,299000,299000,0,0
101037424,999990655,participant,4,660250,660250,660250,0,0
101037424,967250439,participant,37,102625,102625,102625,0,0
101037424,998709188,participant,12,287062.5,287062.5,287062.5,1,0
101037424,999825270,participant,20,444290,444290,444290,0,0
101037424,999867271,participant,6,635995,635995,609745,0,0
101037424,952516430,participant,39,184611.25,184611.25,184611.25,0,0
101037424,951387835,participant,33,348800,348800,348800,0,0
101037424,999896856,participant,2,861250,861250,861250,0,0
101037424,890772438,participant,41,216750,216750,216750,0,0
101037424,986152150,coordinator,1,1009217.5,1009217.5,1009217.5,0,0
101037424,995373940,participant,25,157875,110512.5,110512.5,1,0
101037424,994857900,participant,26,497500,348250,348250,0,0
101037424,953476342,participant,27,152500,152500,152500,0,0
101037424,999997930,thirdParty,6,0,0,26250,0,0
101037424,999654356,participant,10,362500,362500,362500,0,0
101037424,890735287,participant,40,248500,248500,248500,0,0
101037424,999643492,participant,14,372500,372500,372500,0,0
101037424,998171129,participant,15,250000,250000,250000,0,0
101093806,999864555,associatedPartner,14,0,,0,0,0
101093806,999584128,participant,10,315875,315875,315875,0,0
101093806,972702033,coordinator,1,308756.25,308756.25,308756.25,0,0
101093806,998802502,participant,8,121875,121875,121875,0,0
101093806,949821091,thirdParty,2,0,0,50625,0,0
101093806,917167593,participant,13,76625,76625,76625,0,0
101093806,999976590,participant,9,185312.5,185312.5,185312.5,0,0
101093806,952853408,participant,3,121375,121375,121375,0,0
101093806,996435993,participant,4,135656.25,135656,135656,0,0
101093806,998850517,participant,6,194477.5,194477.5,194477.5,0,0
101093806,885394564,participant,12,104375,104375,104375,0,0
101093806,996151686,participant,7,130000,130000,130000,1,0
101093806,999976202,participant,15,49381.25,49381.25,49381.25,0,0
101093806,999978239,participant,5,189375,189375,189375,0,0
101093806,998224285,participant,2,254750,254750,204125,0,0
101093806,937664954,participant,11,106312.5,106312.5,106312.5,0,0
101093854,941584239,participant,6,130000,130000,130000,1,0
101093854,954530344,coordinator,1,550000,550000,550000,0,0
101093854,999895692,participant,2,360000,360000,360000,0,0
101093854,999520302,participant,3,450000,450000,450000,0,0
101093854,999984350,associatedPartner,7,0,,0,0,0
101093854,894026012,participant,5,360000,360000,360000,1,0
101093854,999923240,participant,4,200000,200000,200000,0,0
101093864,997710476,participant,3,604000,604000,604000,0,0
101093864,993675955,participant,5,268750,268750,268750,0,0
101093864,999703438,participant,15,183750,183750,183750,0,0
101093864,998241357,participant,17,88125,88125,88125,0,0
101093864,999693350,participant,6,339375,339375,339375,1,0
101093864,986958026,participant,14,143750,143750,143750,0,0
101093864,956948457,participant,11,75000,75000,75000,0,0
101093864,954530344,participant,8,514750,514750,514750,0,0
101093864,932749285,participant,13,212500,212500,212500,0,0
101093864,951227688,participant,7,229750,229750,229750,1,0
101093864,986071446,participant,18,100000,100000,100000,0,0
101093864,999976202,participant,2,13238750,13238750,13238750,0,0
101093864,999823524,participant,19,46250,46250,46250,0,0
101093864,999520302,coordinator,1,967010,967010,967010,0,0
101093864,999452596,participant,16,561250,561250,561250,0,0
101093864,999916741,participant,10,901762.5,899262.5,899262.5,0,0
101093864,999591306,participant,4,445000,445000,445000,0,0
101093864,937270746,participant,12,85000,85000,85000,1,0
101093864,999419422,participant,9,997500,997500,997500,0,0
101093873,941129794,participant,42,213000,213000,213000,1,0
101093873,882323059,participant,46,400000,280000,280000,1,0
101093873,887889113,participant,26,770500,770500,770500,0,0
101093873,999654744,participant,10,611125,611125,611125,0,0
101093873,943385141,participant,36,121745.85,85222.1,85222.1,1,0
101093873,907328786,participant,44,393292.5,393292.5,393292.5,0,0
101093873,999994535,participant,23,559357.5,559357.5,559357.5,0,0
101093873,906147035,participant,3,631215,631215,631215,0,0
101093873,996410094,participant,19,781826.25,547278.38,547278.38,0,0
101093873,998823842,participant,37,485250,485250,485250,0,0
101093873,997534324,participant,2,881750,881750,881750,0,0
101093873,877276828,participant,47,160162.5,112113.75,112113.75,1,0
101093873,896576142,participant,39,357820.1,357820.1,357820.1,0,0
101093873,885641526,participant,40,289343.1,289343.1,289343.1,0,0
101093873,999479368,participant,16,500500,350350,350350,1,0
101093873,932760440,coordinator,1,1917835.5,1917835.48,1917835.48,0,0
101093873,999849811,participant,31,471820,471820,471820,0,0
101093873,952727405,participant,32,271750,271750,271750,0,0
101093873,900476900,participant,4,438625,438625,438625,0,0
101093873,887039296,participant,35,125817.28,88072.1,88072.1,1,0
101093873,999604110,participant,20,818511.25,818511.25,818511.25,0,0
101093873,999895789,participant,34,166250,166250,166250,0,0
101093873,885510770,participant,22,310500,310500,310500,0,0
101093873,999778225,participant,29,1021125,724015.87,724015.87,0,0
101093873,999991043,participant,12,748000,748000,748000,0,0
101093873,999951467,participant,27,1159900,811930,811930,0,0
101093873,882206174,participant,45,385687.5,269981.25,269981.25,0,0
101093873,987834033,participant,9,917225,917225,917225,0,0
101093873,906406607,participant,30,160125,160125,160125,0,0
101093873,999884731,participant,33,103125,103125,103125,0,0
101093873,986210447,participant,41,970500,970500,970500,0,0
101093873,999978239,participant,14,605500,605500,605500,0,0
101093873,999514385,participant,18,1067431.25,1067431.25,1067431.25,0,0
101093873,999929836,participant,21,539250,539250,539250,0,0
101093873,998373665,participant,11,492867.5,492867.5,492867.5,0,0
101093873,998341364,participant,13,604250,604250,604250,1,0
101093873,999960488,participant,15,903125,632187.5,632187.5,0,0
101093873,999522921,participant,43,0,0,0,0,1
101093873,890772438,participant,8,481750,481750,481750,0,0
101093873,999448425,participant,24,782740.7,782740.7,782740.7,0,0
101093873,913789374,participant,6,650625,650625,650625,0,0
101093873,966998336,participant,7,786625,786625,786625,0,0
101093873,915844901,participant,38,416218.1,291352.67,291352.67,0,0
101093873,998175688,participant,17,377523.75,377523.75,377523.75,0,0
101093873,915811533,participant,5,761125,761125,761125,0,0
101093873,990681953,participant,28,294150,205905,205905,0,0
101093873,960438420,participant,25,695837.5,487086.25,487086.25,0,0
101093921,999751744,participant,10,240000,240000,240000,1,0
101093921,997710476,participant,4,262343.75,262343.75,262343.75,0,0
101093921,998830535,associatedPartner,12,0,,0,1,0
101093921,999974650,associatedPartner,11,0,,0,0,0
101093921,999514191,participant,6,245000,245000,245000,0,0
101093921,952410118,participant,9,260000,260000,260000,0,0
101093921,999450268,participant,8,432812.5,432812.5,357750,0,0
101093921,999452596,participant,7,364375,364375,364375,0,0
101093921,937663402,participant,2,480000,480000,480000,0,0
101093921,998341364,participant,5,256000,256000,256000,1,0
101093921,999419422,coordinator,1,818750,818750,818750,0,0
101093921,999448425,thirdParty,8,0,0,75062.5,0,0
101093921,999655520,participant,3,346875,346875,346875,0,0
101093939,999512930,coordinator,1,421250,420000,420000,1,0
101093939,896926118,associatedPartner,17,0,,0,0,0
101093939,986311327,associatedPartner,16,0,,0,0,0
101093939,999907526,associatedPartner,18,0,,0,0,0
101093939,999951467,participant,9,248675,248675,248675,0,0
101093939,999516131,participant,10,150000,150000,150000,1,0
101093939,997352934,associatedPartner,15,0,,0,0,0
101093939,999591306,participant,2,249375,249375,249375,0,0
101093939,953676744,participant,5,67500,67500,67500,1,0
101093939,999993953,participant,6,250036.25,250036,250036,0,0
101093939,999989782,participant,4,180000,180000,180000,0,0
101093939,999974747,participant,7,239870,239870,239870,0,0
101093939,999985805,participant,3,98085,98085,98085,0,0
101093939,996855421,participant,13,80000,80000,80000,0,0
101093939,915868569,participant,11,350000,350000,350000,1,0
101093939,950971414,participant,12,79995,79995,79995,0,0
101093939,907509788,participant,14,30000,30000,30000,1,0
101093939,999923240,participant,8,90000,90000,90000,0,0
101093942,888396811,participant,8,758125,758125,758125,0,0
101093942,989552000,participant,11,305625,305625,305625,0,0
101093942,997382713,participant,6,469581.25,469581.25,469581.25,0,0
101093942,948986115,participant,15,64500,64500,64500,0,0
101093942,999604110,participant,9,321218.75,321218.75,321218.75,0,0
101093942,998403541,associatedPartner,14,0,,0,1,0
101093942,878875582,coordinator,1,23399125,23399125,23399125,0,0
101093942,974802471,participant,5,632031.25,632031.25,632031.25,0,0
101093942,999677733,participant,7,1018125,1018125,1018125,1,0
101093942,889463132,participant,10,149500,149500,149500,0,0
101093942,999520302,participant,2,652781.25,652781.25,652781.25,0,0
101093942,999452596,participant,4,500937.5,500937.5,500937.5,0,0
101093942,920286919,associatedPartner,13,0,,0,0,0
101093942,998341364,participant,3,904062.5,904062.5,904062.5,1,0
101093942,999896856,participant,12,433750,433750,433750,0,0
101093968,930725089,participant,16,0,0,0,0,1
101093968,993966082,participant,12,699156.25,699156.25,699156.25,0,0
101093968,886553617,participant,49,112500,78750,78750,0,0
101093968,999997736,participant,23,322000,322000,322000,0,0
101093968,999920718,participant,61,163750,163750,163750,0,0
101093968,999703438,participant,30,290625,290625,290625,0,0
101093968,951433134,participant,43,215625,215625,215625,0,0
101093968,889667511,thirdParty,58,0,0,592987.5,1,0
101093968,898469679,participant,55,370250,259175,259175,1,0
101093968,999693350,participant,4,640875,640875,640875,1,0
101093968,886871292,participant,57,120000,120000,120000,0,0
101093968,891458131,participant,19,505000,505000,505000,0,0
101093968,881998109,participant,58,2141125,1498787.5,905800,0,0
101093968,997382713,participant,8,595000,595000,595000,0,0
101093968,886540231,participant,42,712500,712500,712500,0,0
101093968,953461695,participant,39,115000,115000,115000,0,0
101093968,983970426,participant,50,200000,200000,200000,0,0
101093968,885391557,participant,48,4200.21,4200.21,4200.21,0,1
101093968,953501562,participant,51,101250,101250,101250,0,0
101093968,913040049,participant,10,495625,495625,495625,0,0
101093968,886632090,participant,35,264375,264375,264375,0,0
101093968,879792038,participant,60,92674.79,92674.79,92674.79,0,0
101093968,879924928,participant,59,185557.1,185557.1,185557.1,0,0
101093968,995943233,participant,27,351969.5,351969.5,351969.5,0,0
101093968,894000307,participant,21,208750,208750,208750,0,0
101093968,950629877,participant,29,210000,210000,210000,0,0
101093968,999987939,participant,3,500250,500250,500250,0,0
101093968,995992024,participant,32,316721.25,316721.25,316721.25,0,0
101093968,951026025,participant,46,105687.5,105687.5,105687.5,0,0
101093968,999858832,participant,47,678825,678825,678825,0,0
101093968,999659109,participant,17,545000,545000,545000,0,0
101093968,920867270,participant,54,2567.9,2567.9,2567.9,0,1
101093968,910945140,coordinator,1,1411250,1411250,1411250,0,0
101093968,987834033,participant,25,1179500,1179500,1179500,0,0
101093968,999523503,participant,36,281250,281250,281250,0,0
101093968,934887262,participant,15,390375,390375,390375,0,0
101093968,997381452,participant,22,1063750,1063750,1063750,0,0
101093968,891931006,participant,38,744375,744375,744375,0,0
101093968,999589172,participant,28,350719.5,350719.5,350719.5,0,0
101093968,948193431,participant,13,564750,564750,564750,0,0
101093968,999976202,participant,31,894375,894375,894375,0,0
101093968,998006229,participant,26,259000,181300,181300,0,0
101093968,998376284,participant,53,86875,86875,86875,0,0
101093968,997474572,participant,34,284375,284375,284375,0,0
101093968,889350709,participant,52,102656.25,102656.25,102656.25,1,0
101093968,998268905,participant,33,642125,449487.5,449487.5,1,0
101093968,907047195,participant,9,522750,522750,522750,0,0
101093968,940719872,participant,7,506500,506500,506500,0,0
101093968,950162434,participant,37,468750,468750,468750,1,0
101093968,949379741,participant,45,206250,206250,206250,0,0
101093968,999928478,participant,2,1971875,1380312.5,1380312.5,1,0
101093968,955664468,participant,40,50000,50000,50000,0,0
101093968,890772438,participant,24,137500,137500,137500,0,0
101093968,950866460,participant,11,447875,447875,447875,0,0
101093968,894788238,participant,18,279250,195475,195475,1,0
101093968,896590692,participant,44,216063.75,216063.75,216063.75,0,0
101093968,948933735,participant,20,286250,286250,286250,0,0
101093968,999991334,participant,6,446875,446875,446875,0,0
101093968,936214707,participant,56,525437.5,525437.5,525437.5,0,0
101093968,999903064,participant,14,382716.25,382716.25,382716.25,0,0
101093968,929602993,participant,41,712500,712500,712500,0,0
101094021,998927923,participant,4,178975,178975,178975,0,0
101094021,916436601,participant,7,156125,156125,156125,0,0
101094021,994801543,participant,10,173687.5,173687.5,173687.5,0,0
101094021,937126604,associatedPartner,15,0,,0,0,0
101094021,952891432,associatedPartner,17,0,,0,1,0
101094021,937861670,associatedPartner,16,0,,0,0,0
101094021,998325941,participant,8,286000,286000,286000,1,0
101094021,999902094,participant,3,226250,226250,226250,0,0
101094021,986593888,participant,6,142500,142500,142500,0,0
101094021,945145400,participant,13,154750,154750,154750,1,0
101094021,885271471,associatedPartner,19,0,,0,0,0
101094021,928030235,participant,11,164687.5,164687.5,164687.5,0,0
101094021,999647857,coordinator,1,394682.5,394682.5,394682.5,0,0
101094021,938047328,participant,2,350745,350745,350745,1,0
101094021,919818312,participant,20,166625,166625,166625,0,0
101094021,999840693,participant,5,218125,218125,218125,0,0
101094021,885301056,associatedPartner,14,0,,0,0,0
101094021,999992304,associatedPartner,18,0,,0,0,0
101094021,891896474,participant,9,204750,204750,204750,0,0
101112705,930696183,participant,16,23037.53,23037.53,23037.53,0,1
101112705,937658649,associatedPartner,28,0,,0,0,0
101112705,867662770,participant,33,133991.25,133991.25,133991.25,1,0
101112705,992674042,associatedPartner,29,0,,0,0,0
101112705,998830535,associatedPartner,32,0,,0,1,0
101112705,999902870,participant,4,428012.5,428012.5,428012.5,0,0
101112705,995380051,participant,20,176553.75,176553.75,176553.75,0,0
101112705,984134259,associatedPartner,30,0,,0,0,0
101112705,996500401,participant,18,127812.5,127812.5,127812.5,0,0
101112705,909584812,participant,14,160562.5,160562.5,160562.5,0,0
101112705,888059445,participant,17,197750,197750,197750,0,0
101112705,912703168,participant,8,181062.5,181062.5,181062.5,0,0
101112705,885317352,participant,7,257500,257500,257500,1,0
101112705,998322449,participant,12,183125,183125,183125,1,1
101112705,951807845,participant,22,98893.75,98893.75,98893.75,0,0
101112705,999450268,participant,2,238007.5,238007.5,238007.5,0,0
101112705,919991845,participant,24,99978.75,99978.75,99978.75,0,0
101112705,902859220,participant,9,178750,178750,178750,0,0
101112705,997911169,participant,11,313702.5,313702.5,313702.5,0,0
101112705,928116856,associatedPartner,31,0,,0,0,0
101112705,885227336,associatedPartner,27,0,,0,0,1
101112705,984462119,participant,15,163997.5,163997.5,163997.5,0,0
101112705,948053945,participant,23,101062.5,101062.5,101062.5,0,0
101112705,891590633,participant,6,297733.75,297733.75,297733.75,1,0
101112705,999575107,participant,19,249931.25,249931.25,249931.25,0,0
101112705,998341364,participant,5,281406.25,281406.25,281406.25,1,0
101112705,999419422,participant,3,401250,401250,401250,0,0
101112705,888171771,participant,25,100695,100695,100695,0,0
101112705,999543776,participant,10,240625,240625,240625,0,0
101112705,889989551,coordinator,1,750363.75,750363.75,750363.75,1,0
101112705,884880852,associatedPartner,26,0,,0,0,0
101112705,998946644,participant,13,239079.98,239079.97,239079.97,0,0
101112705,952991536,participant,21,135625,135625,135625,0,0
101112728,885070778,participant,3,327500,327500,327500,0,0
101112728,999584128,coordinator,1,832281.39,832281,832281,0,0
101112728,972702033,participant,2,486000,486000,334875,0,0
101112728,998802502,participant,8,205125,205125,205125,0,0
101112728,883836065,thirdParty,7,0,0,50250,0,0
101112728,929489794,participant,11,97750,97750,97750,0,0
101112728,882863737,participant,7,148750,73750,23500,0,0
101112728,983974306,participant,9,166750,166750,166750,0,0
101112728,999822069,participant,6,93750,93750,93750,0,0
101112728,883214004,participant,12,91687.5,91687.5,91687.5,0,0
101112728,999876486,participant,4,225000,225000,225000,0,0
101112728,947977218,thirdParty,2,0,0,151125,0,0
101112728,999916741,participant,5,288750,288750,288750,0,0
101112728,998122338,participant,10,109125,109125,109125,0,0
101112731,999516907,participant,32,595875,595875,595875,0,0
101112731,902128228,participant,14,561625,393137.5,393137.5,1,0
101112731,986368945,participant,31,115375,115375,115375,0,0
101112731,936789432,participant,36,539415,539415,539415,0,0
101112731,953068069,participant,27,71250,71250,71250,1,0
101112731,891712756,participant,5,579000,579000,579000,0,0
101112731,972702033,thirdParty,6,0,0,61300,0,0
101112731,887040848,participant,15,141625,141625,141625,0,0
101112731,999874061,participant,24,265625,265625,265625,0,0
101112731,999993468,associatedPartner,53,0,,0,0,0
101112731,999837977,participant,33,293900,293900,293900,0,0
101112731,943996241,participant,47,281700,281700,281700,0,0
101112731,887709275,participant,11,336500,235550,235550,1,0
101112731,955902409,participant,28,542250,542250,542250,0,0
101112731,929489794,participant,19,153375,153375,153375,0,0
101112731,999978142,coordinator,1,1655875,1655875,1655875,0,0
101112731,885307264,participant,38,423750,423750,423750,0,0
101112731,937439429,participant,43,386500,386500,386500,0,0
101112731,897440703,participant,34,292250,292250,292250,0,0
101112731,886275421,participant,41,554875,388412.5,388412.5,0,0
101112731,968797880,participant,42,135812.5,135812.5,135812.5,0,0
101112731,887760879,participant,46,107275,75092.5,75092.5,0,0
101112731,998269196,participant,35,595856.25,595856.25,595856.25,0,0
101112731,943824454,thirdParty,48,0,0,47320,0,0
101112731,999869308,participant,40,302750,302750,302750,0,0
101112731,912450871,participant,52,141251.21,98875.85,98875.85,0,0
101112731,940242632,participant,45,131500,131500,131500,0,0
101112731,951726462,participant,13,215662.5,215662.5,215662.5,0,0
101112731,950650926,participant,49,134900,94430,94430,1,0
101112731,954154469,participant,12,221750,221750,221750,1,0
101112731,885394564,participant,16,141625,141625,141625,0,0
101112731,891434657,participant,44,297375,297375,297375,0,0
101112731,999509341,participant,18,313250,313250,313250,0,0
101112731,983820173,participant,48,147280,127000,79680,0,0
101112731,997848022,participant,37,647500,453250,453250,1,0
101112731,896567509,participant,10,392500,274750,274750,1,0
101112731,877936816,participant,51,94250,94250,94250,0,0
101112731,998880005,participant,8,593355,593355,593355,0,0
101112731,998638087,participant,4,434750,304325,304325,1,0
101112731,998224285,participant,6,661521.43,635250,573950,0,0
101112731,966696472,thirdParty,29,0,0,3368.75,0,0
101112731,999993953,participant,22,434375,434375,434375,0,0
101112731,999749610,associatedPartner,50,0,,0,0,1
101112731,885001423,participant,30,112500,78750,78750,0,0
101112731,998341364,participant,7,524375,524375,524375,1,0
101112731,955518483,participant,29,683317.9,681874.15,678505.4,0,0
101112731,999985805,participant,3,925031.25,925031.25,925031.25,0,0
101112731,999866689,participant,21,1001875,1001875,1001875,0,0
101112731,894895326,participant,20,176750,123725,123725,1,0
101112731,912255319,participant,17,901875,631312.5,631312.5,0,0
101112731,941259677,participant,39,203750,203750,203750,0,0
101112731,999654356,participant,2,1084750,1084750,1084750,0,0
101112731,989813803,participant,23,337062.51,235943.75,235943.75,1,0
101112731,998122338,participant,26,42500,42500,42500,0,0
101112731,902449880,participant,9,203625,203625,203625,0,0
101112731,952406432,participant,25,675000,675000,675000,0,0
101112737,885086977,participant,33,281250,281250,281250,0,0
101112737,899261102,coordinator,1,1059175,1059175,1059175,0,0
101112737,959248327,participant,6,732500,512750,512750,1,0
101112737,885104146,participant,13,301250,210875,210875,0,0
101112737,883926178,participant,16,677000,677000,677000,0,0
101112737,999550954,participant,36,328500,328500,328500,0,0
101112737,989531727,participant,22,230500,230500,230500,0,0
101112737,996147806,participant,3,812500,568750,568750,0,0
101112737,996312415,participant,14,428750,428750,428750,0,0
101112737,954530344,participant,4,918750,918750,918750,0,0
101112737,999602073,participant,34,19750,19750,19750,0,1
101112737,999482375,participant,9,545875,545875,545875,0,0
101112737,925738901,participant,12,174125,174125,174125,0,0
101112737,885141976,participant,15,382750,382750,382750,0,0
101112737,887275879,participant,31,350250,245175,245175,0,0
101112737,960804401,participant,24,141750,141750,141750,0,0
101112737,950583317,participant,17,366750,366750,366750,0,0
101112737,878875582,participant,8,786250,550375,550375,0,0
101112737,969778453,participant,30,869500,869500,869500,0,0
101112737,940021472,participant,37,392500,392500,392500,0,0
101112737,993964045,participant,27,544000,544000,544000,0,0
101112737,999637866,participant,29,440000,440000,440000,0,0
101112737,994189958,participant,11,277250,277250,277250,0,0
101112737,951527224,participant,26,665000,665000,665000,1,0
101112737,984364246,participant,20,682500,682500,682500,0,0
101112737,999887350,participant,5,776250,776250,776250,0,0
101112737,916533310,associatedPartner,42,0,,0,0,0
101112737,867440155,associatedPartner,40,0,,0,0,0
101112737,999870278,participant,35,333500,333500,333500,0,0
101112737,989041683,associatedPartner,39,0,,0,0,0
101112737,934666102,participant,28,410000,410000,410000,0,0
101112737,903042065,associatedPartner,41,0,,0,0,0
101112737,999904616,participant,32,1241562.5,1241562.5,1241562.5,0,0
101112737,999534561,participant,21,264437.5,264437.5,264437.5,0,0
101112737,999993953,participant,38,205000,205000,205000,0,0
101112737,886318101,participant,25,143650,143650,143650,0,0
101112737,890814245,participant,23,430000,301000,301000,1,0
101112737,999454633,participant,10,270750,270750,270750,0,0
101112737,999419422,participant,2,905625,905625,905625,0,0
101112737,919927825,participant,18,305750,305750,305750,0,0
101112737,998165794,associatedPartner,43,0,,0,0,0
101112737,996700415,participant,19,108750,108750,108750,0,0
101112737,999547365,participant,7,782920,782920,782920,0,0
101112738,999865137,participant,7,266000,266000,266000,0,0
101112738,972382418,participant,8,101250,101250,101250,0,0
101112738,997494069,participant,2,521125,521125,521125,1,0
101112738,999995602,participant,4,183693.75,183693.75,183693.75,0,0
101112738,897953251,associatedPartner,10,0,,0,0,0
101112738,999520302,coordinator,1,765597.5,765597.5,765597.5,0,0
101112738,920448812,participant,6,141000,141000,141000,0,0
101112738,950498442,participant,9,108000,108000,108000,1,0
101112738,999923240,participant,5,161200,161200,161200,0,0
101112738,999981828,participant,11,365990,365990,365990,0,0
101112781,883225159,participant,17,882437.5,882437.5,882437.5,0,0
101112781,999983962,participant,2,541250,541250,541250,0,0
101112781,885041096,participant,16,545225,545225,545225,0,0
101112781,997538786,participant,5,919575,919575,919575,0,0
101112781,885450921,participant,4,1779791.25,1779791.25,1779791.25,0,0
101112781,999848453,coordinator,1,1267500,1267500,1267500,0,0
101112781,882236729,participant,11,804000,804000,804000,0,0
101112781,973510431,participant,6,271000,271000,271000,0,0
101112781,943732110,participant,12,303875,303875,303875,0,0
101112781,999987357,participant,8,600897.5,600897.5,600897.5,0,0
101112781,905413036,participant,3,685000,685000,685000,0,0
101112781,999993953,participant,7,615287.5,615287.5,615287.5,0,0
101112781,997539368,associatedPartner,18,0,,0,0,0
101112781,998341364,participant,9,628500,628500,628500,1,0
101112781,885098908,participant,14,1304761,1304761,1304761,0,0
101112781,996409512,associatedPartner,19,0,,0,0,0
101112781,997385720,participant,10,854347,854347,854347,0,0
101112781,885055258,participant,15,427550,427550,427550,0,0
101112781,999856795,participant,13,405625,405625,405625,0,0
101112836,992674042,participant,12,1048500,1048500,1048500,0,0
101112836,999645238,participant,9,1599875,1599875,1599875,0,0
101112836,915056194,participant,11,412125,412125,412125,0,0
101112836,941752728,participant,6,1270729.58,1270729.54,864542.04,0,0
101112836,957386218,thirdParty,10,0,0,445187.5,0,0
101112836,999604110,participant,4,708875,708875,708875,0,0
101112836,878875582,participant,2,1185000,829500,829500,0,0
101112836,948946636,participant,20,498750,498750,498750,0,0
101112836,883229912,participant,19,346750,346750,346750,0,0
101112836,989900036,participant,25,96000,96000,96000,0,0
101112836,954725702,participant,22,870625,609437.5,609437.5,0,0
101112836,889260305,participant,26,156750,156750,156750,0,0
101112836,918145741,participant,8,186875,186875,186875,0,0
101112836,934771541,participant,10,900250,900250,455062.5,0,0
101112836,898499652,participant,5,848500,848500,848500,0,0
101112836,999520302,coordinator,1,2102145,2102145,2102145,0,0
101112836,991798035,participant,15,409250,409250,409250,0,0
101112836,884984351,participant,24,161750,161750,161750,0,0
101112836,896462167,participant,28,956250,956250,956250,0,0
101112836,996484008,participant,29,135000,94500,94500,0,0
101112836,999894916,participant,27,351375,351375,351375,0,0
101112836,921821168,participant,13,305500,305500,305500,0,0
101112836,999880075,thirdParty,6,0,0,406187.5,0,0
101112836,998341364,participant,18,741000,741000,741000,1,0
101112836,999419422,participant,17,429250,429250,429250,0,0
101112836,999997930,thirdParty,23,0,0,96514.95,0,0
101112836,911734429,participant,7,21814.94,15270.46,15270.46,0,1
101112836,892327154,participant,16,126312.5,88418.75,88418.75,1,0
101112836,999904034,participant,21,423750,423750,423750,0,0
101112836,909875521,participant,23,258500,258500,161985.05,0,0
101112836,999547365,participant,3,1332500,1332500,1332500,0,0
101112836,891813733,participant,14,256250,256250,256250,0,0
101112837,903166225,participant,6,155437.5,155437.5,155437.5,1,0
101112837,952204478,participant,3,284687.5,284687.5,284687.5,0,0
101112837,999895692,participant,10,70000,70000,70000,0,0
101112837,878875582,participant,2,346250,346250,346250,0,0
101112837,938737483,participant,7,250312.5,250312.5,250312.5,1,0
101112837,999507401,coordinator,1,445873.75,445873.75,445873.75,0,0
101112837,999964271,participant,5,164250,164250,164250,0,0
101112837,892524646,participant,14,121062.5,121062.5,121062.5,1,0
101112837,999916741,participant,8,236250,236250,236250,0,0
101112837,999591306,participant,4,315250,315250,315250,0,0
101112837,990744033,participant,9,116875,116875,116875,1,0
101112837,999419422,participant,12,170000,170000,170000,0,0
101112837,998143193,participant,13,127505,127505,127505,0,0
101112837,929371163,participant,11,169110,169110,169110,0,0
101112841,954530344,participant,6,346250,346250,346250,0,0
101112841,929362239,participant,5,105700,105700,105700,1,0
101112841,885319195,participant,2,178143.75,178143.75,178143.75,0,0
101112841,999677733,participant,11,283125,283125,283125,1,0
101112841,941622457,participant,9,185625,185625,185625,0,0
101112841,883425561,participant,4,253750,253750,253750,0,0
101112841,949718562,participant,8,302000,302000,302000,1,0
101112841,999879881,participant,10,113125,113125,113125,0,0
101112841,999591306,coordinator,1,575000,575000,575000,0,0
101112841,999419422,participant,7,310000,310000,310000,0,0
101112841,885290289,associatedPartner,12,0,,0,0,0
101112841,999655520,participant,3,266250,266250,266250,0,0
101112859,999874643,participant,14,31609.08,31609.08,31609.08,0,1
101112859,998279769,participant,2,881128,881128,881128,0,0
101112859,999864555,associatedPartner,41,0,,0,0,0
101112859,942602060,associatedPartner,40,0,,0,0,0
101112859,941221265,participant,31,244375,244375,244375,0,0
101112859,930610629,participant,36,100000,100000,100000,0,0
101112859,972702033,participant,6,934175,653922.5,653922.5,0,0
101112859,920747766,participant,34,407975,285582.5,285582.5,1,0
101112859,885509218,participant,12,36006.69,0,0,0,1
101112859,999514773,participant,19,139930,97951,97951,0,0
101112859,975471965,participant,21,613437.5,429406.25,429406.25,0,0
101112859,885264875,participant,28,727500,727500,727500,0,0
101112859,929489794,participant,38,121875,121875,121875,0,0
101112859,999978142,participant,5,691875,691875,691875,0,0
101112859,883394715,participant,33,223000,223000,223000,0,0
101112859,999902094,participant,20,183125,183125,183125,0,0
101112859,950629877,participant,16,252500,252500,252500,0,0
101112859,873319713,participant,44,380075.25,380075.25,380075.25,0,0
101112859,972382418,participant,35,350312.5,350312.5,350312.5,0,0
101112859,999766100,participant,32,925000,925000,925000,0,0
101112859,997494069,coordinator,1,1147437.5,1147437.5,1147437.5,1,0
101112859,887693852,participant,24,371750,260225,260225,0,0
101112859,941019602,participant,43,277062.5,277062.5,277062.5,1,0
101112859,937459605,participant,8,566750,396725,396725,1,0
101112859,929081133,associatedPartner,42,0,,0,1,0
101112859,998948293,participant,37,219750,219750,219750,0,0
101112859,999991722,participant,13,417390,417390,417390,0,0
101112859,883398692,participant,18,148437.5,103906.25,103906.25,1,0
101112859,885149445,participant,27,145000,145000,145000,0,0
101112859,964360324,participant,4,349700,244790,244790,1,0
101112859,883215653,participant,23,100250,100250,100250,0,0
101112859,929744807,participant,17,478875,335212.5,335212.5,1,0
101112859,999933328,participant,15,241125,241125,241125,0,0
101112859,901323613,participant,11,841125,841125,841125,0,0
101112859,999825270,participant,9,382500,382500,382500,0,0
101112859,920286919,associatedPartner,39,0,,0,0,0
101112859,999533106,participant,10,296250,296250,296250,0,0
101112859,999846707,participant,25,305850,305850,305850,0,0
101112859,885143237,participant,26,352500,352500,352500,0,0
101112859,928030235,participant,3,595875,595875,595875,0,0
101112859,986152150,participant,7,735000,735000,735000,0,0
101112859,874156726,participant,45,215625.6,150937.92,150937.92,1,0
101112859,926527414,participant,29,498062.5,498062.5,498062.5,0,0
101112859,997579235,participant,30,348500,243950,243950,0,0
101112859,906559770,participant,22,163325,163325,163325,0,0
101112860,999976105,participant,7,171341.74,171341.74,171341.74,0,1
101112860,973346404,participant,8,783563.75,783563.75,783563.75,0,0
101112860,991816077,thirdParty,12,0,0,160750,0,0
101112860,984556306,participant,12,588562.5,588562.5,316562.5,0,0
101112860,998802502,thirdParty,12,0,0,111250,0,0
101112860,999986096,participant,13,129158.26,129158.26,129158.26,0,0
101112860,940595421,participant,10,424875,424875,424875,1,0
101112860,957958033,participant,2,465375,465375,465375,1,0
101112860,886959465,participant,6,100687.5,100687.5,100687.5,0,0
101112860,999918972,associatedPartner,11,0,,0,0,0
101112860,960782479,participant,9,333125,333125,333125,0,0
101112860,932044386,participant,3,409911.25,409911.25,409911.25,1,0
101112860,883749541,participant,4,408356.25,408356.25,408356.25,1,0
101112860,936158738,participant,5,132437.5,132437.5,132437.5,0,0
101112860,999630494,coordinator,1,776040,776040,776040,0,0
101112867,891782596,participant,3,174488.38,174488.38,174488.38,1,0
101112867,885005206,associatedPartner,27,0,,0,0,0
101112867,885005109,associatedPartner,28,0,,0,0,0
101112867,891492663,participant,12,131145.49,131145.49,131145.49,1,0
101112867,972702033,participant,7,155781.25,155781.25,155781.25,0,0
101112867,885194938,associatedPartner,22,0,,0,0,0
101112867,938862225,participant,14,69500,69500,69500,0,0
101112867,933973716,associatedPartner,24,0,,0,0,0
101112867,885015003,associatedPartner,23,0,,0,0,0
101112867,952926061,associatedPartner,26,0,,0,0,0
101112867,999994632,participant,4,343770,343770,343770,0,0
101112867,920168870,participant,8,156763.75,156763.75,156763.75,1,0
101112867,937459605,participant,2,384682.99,384682.99,384682.99,1,0
101112867,910945140,participant,5,325625,325625,325625,0,0
101112867,885202310,associatedPartner,21,0,,0,0,0
101112867,912219914,associatedPartner,17,0,,0,0,0
101112867,885152743,associatedPartner,19,0,,0,0,1
101112867,885046916,associatedPartner,20,0,,0,0,0
101112867,999978239,participant,9,101801.41,101801.41,101801.41,0,0
101112867,885638034,participant,6,185000,185000,185000,1,0
101112867,998253579,coordinator,1,507582.98,507582.98,507582.98,0,0
101112867,988262094,participant,10,103087.5,103087.5,103087.5,0,0
101112867,885046819,associatedPartner,18,0,,0,0,0
101112867,920286919,associatedPartner,16,0,,0,0,0
101112867,876672324,associatedPartner,33,0,,0,0,0
101112867,891569390,participant,15,111875,111875,111875,1,0
101112867,939773346,participant,11,122500,122500,122500,0,0
101112867,998914634,participant,31,124750,124750,124750,0,0
101112867,884881725,associatedPartner,30,0,,0,0,1
101112867,913299718,participant,13,0,0,0,0,1
101112867,915594544,associatedPartner,25,0,,0,0,0
101112867,921018008,associatedPartner,29,0,,0,0,0
101112867,879901842,associatedPartner,32,0,,0,0,0
101112876,900146227,thirdParty,3,0,0,115919.79,1,0
101112876,882875280,participant,46,146125,146125,146125,0,0
101112876,999979888,participant,6,813801.25,813801.25,813801.25,0,0
101112876,882801657,participant,18,500000,500000,500000,0,0
101112876,999842051,participant,33,200000,200000,200000,0,0
101112876,938862225,participant,15,1263462.5,1263462.5,1263462.5,0,0
101112876,884857378,participant,10,367375,367375,367375,0,0
101112876,884973487,participant,38,349500,349500,349500,0,0
101112876,893313062,participant,16,186250,186250,186250,0,0
101112876,961820476,participant,30,31250,31250,31250,0,0
101112876,913040049,participant,35,209500,209500,209500,0,0
101112876,950751224,participant,13,500000,500000,500000,0,0
101112876,951660114,participant,28,110250,110250,110250,0,0
101112876,896192119,participant,36,116062.5,81243.75,81243.75,1,0
101112876,915240688,participant,23,529500,529500,529500,0,0
101112876,997361082,participant,8,353375,353375,353375,0,0
101112876,998208086,participant,37,500250,500250,500250,0,0
101112876,885145274,associatedPartner,43,0,,0,1,0
101112876,930109915,thirdParty,31,0,0,73675,0,0
101112876,885766462,participant,26,0,0,0,0,1
101112876,999735157,participant,3,443750,310625,194705.21,1,0
101112876,999861936,participant,11,404750,404750,404750,0,0
101112876,887810834,participant,32,122950,122950,122950,0,0
101112876,999815376,participant,2,401441.25,401441.25,401441.25,0,0
101112876,895718662,participant,22,163356.25,163356.25,163356.25,0,0
101112876,999973971,associatedPartner,40,0,,0,0,0
101112876,950466238,participant,31,383125,351550,195125,0,0
101112876,934887262,participant,14,659750,659750,659750,0,0
101112876,956192439,participant,24,133862.5,133862.5,133862.5,0,0
101112876,983174347,participant,34,99801.25,99801.25,99801.25,0,0
101112876,916073433,participant,12,324250,324250,324250,0,0
101112876,885097162,associatedPartner,44,0,,0,0,0
101112876,998880005,participant,27,225625,225625,225625,0,0
101112876,999977754,participant,29,397500,397500,397500,0,0
101112876,940719872,participant,7,695750,695750,695750,0,0
101112876,999995796,coordinator,1,902500,902500,902500,0,0
101112876,885074367,participant,21,204500,204500,204500,0,0
101112876,885683915,thirdParty,31,0,0,82750,0,0
101112876,885087850,participant,17,284875,284875,284875,0,0
101112876,999928478,participant,4,1287500,901250,901250,1,0
101112876,884967958,participant,45,265125,265125,265125,0,0
101112876,884979986,participant,39,193250,193250,193250,0,0
101112876,892660252,associatedPartner,41,0,,0,0,0
101112876,999869114,participant,19,306875,306875,306875,0,0
101112876,885077665,participant,25,202000,202000,202000,0,0
101112876,999476943,participant,9,546750,546750,546750,0,0
101112876,909232605,associatedPartner,42,0,,0,0,0
101112876,883848578,participant,5,719075,503352.5,503352.5,0,0
101112876,915811533,participant,20,425625,425625,425625,0,0
101112906,892350725,participant,6,325500,325500,325500,0,0
101112906,999895013,participant,4,325000,325000,325000,0,0
101112906,928620965,participant,3,327077.5,327077.5,327077.5,0,0
101112906,999983962,participant,8,232018.75,232018.75,232018.75,0,0
101112906,999994632,coordinator,1,599987.5,599987.5,599987.5,0,0
101112906,889371079,participant,9,210695,210695,210695,0,0
101112906,941263848,participant,7,164640,164640,164640,0,0
101112906,973510431,participant,5,249750,249750,249750,0,0
101112906,950599031,participant,10,322500,322500,322500,0,0
101112906,998303631,participant,2,242750,242750,242750,1,0
101112919,951719381,participant,3,200440,200440,200440,0,0
101112919,920781328,participant,17,40750,40750,40750,0,0
101112919,885707292,participant,19,39000,39000,39000,0,0
101112919,968991589,participant,14,237250,237250,237250,1,0
101112919,888556570,participant,20,39000,39000,39000,0,0
101112919,952793365,participant,23,70500,70500,70500,0,0
101112919,952204478,participant,5,150750,150750,150750,0,0
101112919,999577532,participant,4,137000,137000,137000,0,0
101112919,885093379,participant,21,39000,39000,39000,1,0
101112919,885718059,participant,13,59000,59000,59000,1,0
101112919,961026337,participant,15,48750,48750,48750,0,0
101112919,877187879,participant,27,39062.5,39062.5,39062.5,0,0
101112919,923635068,participant,2,131237.5,131237.5,131237.5,0,0
101112919,999591306,participant,6,177125,177125,177125,0,0
101112919,884922465,participant,11,196500,196500,196500,1,0
101112919,949987737,associatedPartner,26,0,,0,1,0
101112919,943294737,coordinator,1,503000,503000,503000,1,0
101112919,950866460,participant,18,47750,47750,47750,0,0
101112919,892369640,participant,24,20750,20750,20750,0,0
101112919,999654356,participant,7,154875,154875,154875,0,0
101112919,913776473,participant,12,167187.5,167187.5,167187.5,1,0
101112919,938217272,participant,8,132375,132375,132375,1,0
101112919,912518383,participant,10,184000,184000,184000,1,0
101112919,924021419,participant,16,18000,18000,18000,0,0
101112919,983310438,participant,22,60937.5,60937.5,60937.5,0,0
101112919,902624480,participant,25,73000,73000,73000,0,0
101112919,999862518,participant,9,129105,129105,129105,0,0
101112972,930725089,participant,17,985000,985000,508125,0,0
101112972,986762086,participant,20,389937.5,389937.5,389937.5,0,0
101112972,964126457,participant,10,751000,751000,751000,0,0
101112972,986368945,participant,32,315622.5,315622.5,315622.5,0,0
101112972,886871292,thirdParty,17,0,0,476875,0,0
101112972,892417461,participant,9,600000,600000,600000,1,0
101112972,996539201,participant,11,426250,426250,426250,0,0
101112972,903199690,participant,8,447000,312900,312900,0,0
101112972,953501562,participant,21,100000,100000,100000,0,0
101112972,999604110,participant,2,746905.63,746905.63,746905.63,0,0
101112972,878875582,participant,5,547225,547225,547225,0,0
101112972,884967085,participant,22,252437.5,252437.5,252437.5,0,0
101112972,999659109,participant,4,837250,837250,837250,0,0
101112972,951450206,participant,26,354250,247975,247975,1,0
101112972,999918972,associatedPartner,33,0,,0,0,0
101112972,986210447,participant,18,284250,284250,284250,0,0
101112972,999979500,participant,25,303937.5,303937.5,303937.5,0,0
101112972,928046531,participant,27,181350,181350,181350,0,0
101112972,899786163,participant,31,219687.5,219687.5,219687.5,0,0
101112972,999810526,participant,30,428250,428250,428250,0,0
101112972,999520302,participant,6,883750,883750,883750,0,0
101112972,938280322,participant,23,715000,715000,715000,0,0
101112972,926252322,participant,19,395000,395000,395000,0,0
101112972,969050177,participant,24,538000,538000,538000,0,0
101112972,927784243,participant,28,195000,195000,195000,0,0
101112972,999928478,participant,3,764000,534800,534800,1,0
101112972,891563570,participant,15,657993.75,657993.75,657993.75,0,0
101112972,998914634,participant,14,818946.25,818946.25,818946.25,0,0
101112972,952387323,participant,16,305745,214021.5,214021.5,1,0
101112972,999419422,coordinator,1,1813000,1813000,1813000,0,0
101112972,934645635,participant,29,406875,406875,406875,0,0
101112972,998130389,participant,12,435625,435625,435625,0,0
101112972,936158738,participant,13,918062.5,918062.5,918062.5,0,0
101112972,999547365,participant,7,481917.5,481917.5,481917.5,0,0
101139598,999997736,participant,5,704605,704605,704605,0,0
101139598,999603043,participant,10,452500,452500,452500,0,0
101139598,896290865,associatedPartner,24,0,,0,0,0
101139598,951517330,participant,12,181250,181250,181250,0,0
101139598,885036634,participant,15,187500,131250,131250,1,0
101139598,893633841,participant,13,406250,284375,284375,0,0
101139598,917748332,participant,20,274375,274375,274375,0,0
101139598,994575630,participant,23,686250,686250,686250,0,0
101139598,941718002,participant,3,310000,310000,310000,0,0
101139598,891899675,participant,11,331250,231875,231875,1,0
101139598,998702204,participant,19,763750,763750,763750,0,0
101139598,952525936,participant,18,733750,733750,733750,0,0
101139598,937383072,participant,22,835318.75,835318.75,835318.75,0,0
101139598,892204158,participant,2,829000,829000,829000,1,0
101139598,999979500,participant,7,435250,435250,361887.5,0,0
101139598,995624006,participant,4,580000,580000,580000,0,0
101139598,965342449,participant,21,358750,358750,358750,0,0
101139598,999520302,participant,9,568125,568125,568125,0,0
101139598,999923531,participant,8,221350,221350,221350,0,0
101139598,937664954,participant,16,840000,840000,840000,0,0
101139598,998341364,coordinator,1,1046500,1046500,1046500,1,0
101139598,999986484,participant,6,424250,424250,424250,0,0
101139598,957388352,participant,17,961993.75,961993.75,961993.75,0,0
101139598,915444388,participant,14,136875,136875,136875,0,0
101139598,999896371,thirdParty,7,0,0,73362.5,0,0
101139636,898858067,participant,14,241233.75,241233.75,241233.75,0,0
101139636,998214876,participant,16,321062.5,321062.5,321062.5,0,0
101139636,996312318,coordinator,1,1300750,910525,593075,0,0
101139636,965891857,participant,10,700188.75,700188.75,434157.5,0,0
101139636,999512736,participant,21,230125,230125,230125,0,0
101139636,996793729,participant,12,252012.5,252012.5,252012.5,0,0
101139636,986125669,participant,13,291375,203962.5,203962.5,0,0
101139636,883921619,participant,11,235375,235375,235375,0,0
101139636,880859717,thirdParty,10,0,0,266031.25,0,0
101139636,895824489,participant,5,772113.75,772113.75,772113.75,0,0
101139636,997355650,participant,20,300125,300125,300125,0,0
101139636,997628123,participant,8,291062.5,291062.5,291062.5,0,0
101139636,884283914,participant,3,215941.07,151158.75,151158.75,0,0
101139636,999851557,participant,19,199500,199500,199500,0,0
101139636,898831295,participant,9,326375,326375,326375,0,0
101139636,882082790,thirdParty,23,0,0,195936.13,0,0
101139636,954983722,participant,4,208437.5,208437.5,208437.5,0,0
101139636,998945771,participant,15,236556.25,236556.25,236556.25,0,0
101139636,999893752,participant,18,183187.5,183187.5,183187.5,0,0
101139636,882083081,participant,23,604658.75,423261.13,227325,0,0
101139636,891703056,participant,24,862976.25,862976.25,862976.25,0,0
101139636,898575215,participant,6,781150,781150,781150,0,0
101139636,968028476,participant,2,421875,421875,421875,0,0
101139636,894283547,participant,17,190312.5,190312.5,190312.5,0,0
101139636,950601553,thirdParty,1,0,0,317450,0,0
101139636,998498504,participant,7,1332476.25,1332476.25,1332476.25,0,0
101139636,905282474,participant,22,320437.5,224306.25,224306.25,1,0
101139637,902868726,participant,10,191250,191250,191250,0,0
101139637,966466485,participant,21,314750,314750,314750,0,0
101139637,889113738,participant,22,169750,169750,169750,0,0
101139637,984556306,participant,2,400000,400000,400000,0,0
101139637,882028470,participant,19,111250,111250,111250,1,1
101139637,939158754,participant,27,193750,135625,135625,0,0
101139637,999895692,participant,28,322250,322250,322250,0,0
101139637,998526052,participant,25,305625,305625,305625,1,0
101139637,996380024,participant,11,793750,793750,793750,0,0
101139637,898834205,participant,30,144375,101062.5,101062.5,1,0
101139637,954810286,participant,7,78750,78750,78750,0,0
101139637,910945140,participant,3,673125,673125,673125,0,0
101139637,998824327,participant,17,1257325,1257325,1257325,0,0
101139637,946358773,participant,29,574375,574375,574375,1,0
101139637,911297735,thirdParty,14,0,0,160325,0,0
101139637,986156418,participant,8,584875,584875,584875,0,0
101139637,999529323,participant,13,310625,310625,310625,0,0
101139637,986538792,participant,14,740825,740825,580500,0,0
101139637,993619889,participant,23,908900,908900,908900,0,0
101139637,886292978,participant,31,168095,117666.5,117666.5,1,0
101139637,928399029,participant,6,179500,179500,179500,0,0
101139637,949852422,participant,26,215350,215350,215350,1,0
101139637,952129982,participant,4,460730,322511,322511,1,0
101139637,920286919,associatedPartner,32,0,,0,0,0
101139637,916573856,participant,15,264375,264375,264375,0,0
101139637,939608446,participant,5,725625,725625,725625,0,0
101139637,913606820,participant,16,225000,225000,225000,0,0
101139637,882157189,participant,18,143187.5,100231.25,100231.25,0,0
101139637,897354858,participant,24,183500,183500,183500,0,0
101139637,999588784,participant,9,225750,225750,225750,0,0
101139637,999977851,coordinator,1,1211625,1211625,1211625,0,0
101139637,999842536,participant,12,188625,188625,188625,0,0
101139637,916314381,participant,20,65625,65625,65625,0,0
101139711,988679582,participant,21,263000,263000,263000,0,0
101139711,966466485,participant,29,407500,407500,407500,0,0
101139711,999751744,participant,12,600000,420000,420000,1,0
101139711,986128482,participant,28,677500,677500,677500,0,0
101139711,999645238,participant,6,595437.5,595437.5,595437.5,0,0
101139711,949621465,participant,8,193750,193750,193750,0,0
101139711,996125981,participant,18,290625,203437.5,203437.5,1,0
101139711,915589694,participant,33,251250,251250,251250,0,0
101139711,996147806,participant,11,276250,193375,193375,0,0
101139711,983764495,participant,15,453750,317625,317625,1,0
101139711,999984059,participant,3,340635,340635,340635,0,0
101139711,997420543,coordinator,1,750000,750000,750000,0,0
101139711,952853408,participant,22,452500,452500,452500,0,0
101139711,996097754,participant,30,251250,251250,251250,0,0
101139711,916943523,participant,19,562500,393750,393750,1,0
101139711,902877359,participant,17,202500,202500,202500,0,0
101139711,897764683,participant,25,408750,286125,286125,1,0
101139711,951250192,participant,34,255000,255000,255000,0,0
101139711,916261322,associatedPartner,37,0,,0,0,0
101139711,957184458,participant,14,495000,346500,346500,1,0
101139711,997513178,participant,26,218250,218250,218250,0,0
101139711,999879881,participant,2,492500,492500,492500,0,0
101139711,999575107,participant,9,727500,727500,727500,0,0
101139711,999974747,participant,35,337875,337875,337875,0,0
101139711,992597994,participant,32,249375,249375,249375,0,0
101139711,999960488,participant,10,503125,352187.5,352187.5,0,0
101139711,917148969,participant,24,173615,173615,173615,0,0
101139711,888540468,participant,31,247750,173425,173425,1,0
101139711,899334143,participant,36,526750,368725,368725,0,0
101139711,999654356,participant,5,417750,417750,417750,0,0
101139711,993960068,participant,27,825000,825000,825000,0,0
101139711,910401164,participant,16,308750,216125,216125,1,0
101139711,999974844,participant,7,231750,231750,231750,0,0
101139711,999842536,participant,4,503250,503250,503250,0,0
101139711,897329153,participant,23,293425,205397.5,205397.5,0,0
101139711,951389969,participant,13,821250,574875,574875,0,0
101139711,914842115,participant,20,358750,358750,358750,0,0
101139730,913909751,participant,13,385375,269762.5,269762.5,1,0
101139730,996713801,participant,23,474187.5,331931.25,331931.25,0,0
101139730,999852236,participant,2,671937.5,671937,671937,0,0
101139730,986290763,participant,26,227000,227000,227000,0,0
101139730,997534324,participant,18,764250,764250,764250,0,0
101139730,907143613,participant,20,235350,235350,235350,0,0
101139730,948982817,participant,10,512250,512250,512250,0,0
101139730,925244783,participant,11,456000,319200,319200,1,0
101139730,954389888,participant,21,530125,530125,530125,0,0
101139730,929853350,participant,16,439500,307650,307650,1,0
101139730,920200589,participant,4,546000,382200,382200,1,0
101139730,999995893,participant,5,483500,483500,483500,0,0
101139730,949156641,participant,25,116125,116125,116125,0,0
101139730,900981203,participant,9,532250,372575,372575,1,0
101139730,997608529,participant,19,675750,675750,675750,0,0
101139730,895959319,participant,6,479750,479750,479750,0,0
101139730,991435837,participant,27,308000,308000,308000,0,0
101139730,999894916,participant,3,394750,394750,394750,0,0
101139730,997664207,participant,22,624500,624500,624500,0,0
101139730,952549216,participant,12,306000,214200,214200,1,0
101139730,999844961,participant,14,367540,367540,367540,0,0
101139730,998298102,participant,8,432250,432250,432250,0,0
101139730,920404774,participant,28,116625,116625,116625,0,0
101139730,957944453,coordinator,1,882500,882500,882500,1,0
101139730,896006752,participant,30,201000,201000,201000,0,0
101139730,899880738,participant,7,403500,282450,282450,1,0
101139730,910545500,participant,15,333300,333300,333300,0,0
101139730,999975717,participant,17,439750,439750,439750,0,0
101139730,884100196,participant,24,136125,136125,136125,0,0
101139730,917739408,participant,31,454350,454350,454350,0,0
101139730,882000728,participant,29,119668.75,119668.75,119668.75,0,0
101155748,999997736,participant,9,324972.5,324972.5,324972.5,0,0
101155748,938113482,participant,12,221125,221125,221125,0,0
101155748,888220465,participant,11,201408.75,201408.75,201408.75,0,0
101155748,881392247,participant,10,206250,206250,206250,0,0
101155748,999845640,participant,8,440625,440625,440625,0,0
101155748,884944387,participant,16,171112.5,119778.75,119778.75,0,0
101155748,999991043,participant,4,875000,875000,875000,0,0
101155748,999882112,participant,5,630875,630875,630875,0,0
101155748,998239805,participant,7,500000,500000,500000,1,0
101155748,969231858,participant,13,280000,280000,280000,1,0
101155748,897953251,associatedPartner,17,0,,0,0,0
101155748,950934360,participant,14,100000,100000,100000,0,0
101155748,998253579,participant,3,1105961.25,1105961.25,1105961.25,0,0
101155748,999480629,associatedPartner,18,0,,0,1,0
101155748,999993274,coordinator,1,1815898.75,1815898.75,1815898.75,0,0
101155748,896906912,participant,15,164980,164980,164980,0,0
101155748,948663008,participant,6,562500,562500,562500,0,0
101155748,999547365,participant,2,960825,960825,960825,0,0
101155958,890635668,participant,7,363370,254359,254359,0,0
101155958,893313062,participant,14,156762.5,156762.5,156762.5,0,0
101155958,998928602,participant,24,146000,146000,146000,0,0
101155958,943681379,participant,16,115781.25,115781.25,115781.25,0,0
101155958,997298614,participant,11,192500,192500,192500,0,0
101155958,928836208,associatedPartner,25,0,,0,0,0
101155958,881160029,associatedPartner,26,0,,0,0,0
101155958,913280609,participant,23,165302.5,165302.5,165302.5,0,0
101155958,888300878,participant,17,92281.25,92281.25,92281.25,0,0
101155958,999905392,participant,12,223125,223125,223125,0,0
101155958,897379108,participant,4,364218.75,293765.63,129375,0,0
101155958,935861045,participant,8,279056.25,195339.38,195339.38,1,0
101155958,999978239,participant,2,350312.5,350312.5,350312.5,0,0
101155958,898754859,participant,6,419052.5,412802.5,412802.5,0,0
101155958,999580151,participant,9,213886.25,213886.25,213886.25,0,0
101155958,997220723,participant,21,181875,181875,181875,0,0
101155958,999657557,participant,3,744546.25,521182.38,521182.38,1,0
101155958,881179138,participant,19,119531.25,119531.25,119531.25,0,0
101155958,941237755,participant,22,168750,168750,168750,0,0
101155958,895586451,participant,5,101077.5,101077.5,101077.5,0,0
101155958,999876971,participant,10,491562.5,487812.5,487812.5,0,0
101155958,999740007,thirdParty,4,0,0,164390.63,0,0
101155958,999543776,coordinator,1,368750,258125,258125,0,0
101155958,991656706,participant,13,173735,173735,173735,0,0
101155958,999898408,participant,15,703485,703485,703485,0,0
101155958,998946644,participant,18,153062.5,153062.5,153062.5,0,0
101155958,952991536,participant,20,170156.25,170156.25,170156.25,0,0
101156076,951102849,participant,15,108535,108535,108535,0,0
101156076,888617680,participant,20,135000,94500,94500,0,0
101156076,999900833,participant,2,718665,718665,718665,0,0
101156076,997591651,participant,9,551500,551500,551500,0,0
101156076,998463002,participant,7,656018.75,656018.75,656018.75,0,0
101156076,888539207,participant,18,47500,47500,47500,0,0
101156076,920952048,associatedPartner,25,0,,0,0,0
101156076,999858832,participant,10,456433.75,456433.75,456433.75,0,0
101156076,951411600,associatedPartner,26,0,,0,0,0
101156076,937459605,participant,13,318000,222600,222600,1,0
101156076,994187921,participant,4,454318.75,454318.75,454318.75,0,0
101156076,954983722,participant,6,452440,452440,452440,0,0
101156076,999979500,thirdParty,8,0,0,38750,0,0
101156076,999872703,participant,3,586346.25,586346.25,586346.25,0,0
101156076,953071367,participant,23,137500,137500,137500,0,0
101156076,913576750,participant,14,106605,106605,106605,0,0
101156076,999465594,participant,8,986595,986595,947845,0,0
101156076,999872218,participant,11,522100,522100,522100,0,0
101156076,880780274,participant,16,39125,39125,39125,0,0
101156076,958356315,participant,22,127875,89512.5,89512.5,1,0
101156076,884987746,participant,21,155250,155250,155250,0,0
101156076,951915806,participant,12,317375,317375,317375,0,0
101156076,999629718,coordinator,1,915000,915000,915000,0,0
101156076,999419422,participant,5,488750,488750,488750,0,0
101156076,911293079,participant,19,200000,200000,200000,0,0
101156076,915866629,participant,17,141875,141875,141875,0,0
101156076,882054466,associatedPartner,24,0,,0,0,0
101156116,888650369,participant,17,483875,483875,483875,0,0
101156116,991940043,participant,13,793750,793750,793750,1,0
101156116,998675044,participant,6,488750,488750,488750,0,0
101156116,953814096,participant,4,648312.5,648312.5,648312.5,0,0
101156116,900704462,participant,11,660000,462000,462000,0,0
101156116,999900833,participant,7,540633.75,540633.75,540633.75,0,0
101156116,972382418,participant,10,246250,246250,246250,0,0
101156116,880658248,participant,22,187500,187500,187500,0,0
101156116,997494069,participant,3,1757437.5,1757437.5,957437.5,1,0
101156116,881000464,participant,24,367500,367500,367500,0,0
101156116,881055851,participant,25,105000,105000,105000,0,0
101156116,897953251,associatedPartner,27,0,,0,0,0
101156116,999520302,participant,2,789500,789500,789500,0,0
101156116,999452596,participant,5,454375,454375,454375,0,0
101156116,931790246,thirdParty,3,0,0,800000,0,0
101156116,881085533,participant,23,993750,993750,993750,0,0
101156116,907072415,participant,15,581250,581250,581250,0,0
101156116,949866196,participant,12,523750,523750,523750,0,0
101156116,881414654,participant,14,226375,158462.5,158462.5,1,0
101156116,881244128,participant,18,440750,440750,440750,0,0
101156116,999997930,participant,19,427000,427000,427000,0,0
101156116,891619248,participant,16,239812.5,167868.75,167868.75,0,0
101156116,919993106,participant,26,1461875,1461875,1461875,0,0
101156116,884955930,participant,20,788875,788875,788875,0,0
101156116,999741171,participant,9,343250,343250,343250,1,0
101156116,880771253,participant,21,0,0,0,0,1
101156116,999897729,participant,8,156250,156250,156250,0,0
101156116,999981828,coordinator,1,1630960,1630960,1630960,0,0
101156281,906316494,participant,16,130200,130200,130200,0,0
101156281,986994013,coordinator,1,1128750,1128750,1128750,0,0
101156281,999876195,associatedPartner,23,0,,0,0,0
101156281,972472240,participant,17,283250,283250,283250,0,0
101156281,890633243,participant,8,249750,249750,249750,0,0
101156281,987914058,participant,19,100500,100500,100500,0,0
101156281,914005684,participant,20,55000,55000,55000,0,0
101156281,999984059,participant,12,371200,371200,371200,0,0
101156281,897308104,participant,7,385000,385000,385000,0,0
101156281,998036008,participant,11,203125,203125,203125,0,0
101156281,914207929,associatedPartner,25,0,,0,1,0
101156281,889351291,participant,10,317125,221987.5,221987.5,0,0
101156281,891269563,associatedPartner,21,0,,0,0,0
101156281,950764901,participant,9,198470,138929,138929,1,0
101156281,887901917,participant,6,334375,334375,334375,0,0
101156281,999871927,associatedPartner,24,0,,0,0,0
101156281,999534561,participant,4,346562.5,346562.5,346562.5,0,0
101156281,887408478,participant,3,205000,205000,205000,0,0
101156281,937270746,participant,18,148125,103687.5,103687.5,1,0
101156281,926457380,participant,13,305250,213675,213675,1,0
101156281,882652180,associatedPartner,22,0,,0,1,1
101156281,892657342,participant,2,353750,353750,353750,0,0
101156281,932963364,participant,15,109750,109750,109750,0,0
101156281,999912570,participant,5,266250,266250,266250,0,0
101156281,998813075,participant,14,583250,583250,583250,0,0
101156653,888631163,participant,12,50950,50950,50950,0,0
101156653,998359891,participant,19,49750,49750,49750,0,0
101156653,991940043,participant,10,50500,50500,50500,1,0
101156653,917517763,participant,8,98750,98750,98750,0,0
101156653,997623176,participant,22,0,0,0,0,1
101156653,999874061,participant,11,426362.5,426362.5,426362.5,0,0
101156653,881192427,participant,3,98750,98750,98750,0,0
101156653,999643007,participant,7,334375,334375,334375,0,0
101156653,938310489,participant,28,110350,110350,110350,1,0
101156653,882219851,participant,20,51175,51175,51175,0,0
101156653,881117058,associatedPartner,27,0,,0,0,0
101156653,999453372,participant,14,288012.5,288012.5,288012.5,0,0
101156653,912924134,participant,13,196250,196250,196250,0,0
101156653,999991722,participant,16,116250,116250,116250,0,0
101156653,960782479,participant,17,155500,155500,155500,0,0
101156653,999865331,participant,18,103125,103125,103125,0,0
101156653,881410095,participant,24,368750,368750,368750,0,0
101156653,997848022,participant,4,587000,410900,410900,1,0
101156653,999916741,participant,21,305562.5,305562,305562,0,0
101156653,953720200,associatedPartner,25,0,,0,0,0
101156653,892135579,participant,23,567500,397250,397250,1,0
101156653,949987737,associatedPartner,26,0,,0,1,0
101156653,986152150,participant,6,454662.5,454662.5,454662.5,0,0
101156653,916252204,participant,9,0,0,0,0,1
101156653,999835843,coordinator,1,1185412.5,1185412.5,1185412.5,0,0
101156653,999541642,participant,15,361950,361950,361950,0,0
101156653,965934440,participant,2,334315,334315,334315,0,0
101156653,940255630,participant,5,50650,50650,50650,1,0
101157094,999997736,participant,2,905467.5,905467.5,905467.5,0,0
101157094,999754848,participant,3,986875,986875,986875,0,0
101157094,944781650,participant,10,125156.25,125156.25,125156.25,0,0
101157094,888220465,participant,13,427751.25,427751.25,427751.25,0,0
101157094,881485561,participant,5,1567500,1097250,1097250,1,0
101157094,916321753,participant,6,414000,414000,414000,0,0
101157094,999977463,participant,8,0,0,0,0,1
101157094,917535708,associatedPartner,16,0,,0,0,0
101157094,999507983,participant,9,106462.5,106462.5,106462.5,0,0
101157094,881129086,participant,12,54687.5,54687.5,54687.5,0,0
101157094,907490485,participant,14,135393.75,135393.75,135393.75,0,0
101157094,934887262,coordinator,1,2619241.25,2619241.25,2619241.25,0,0
101157094,999887350,participant,7,1365589,1365589,1365589,0,0
101157094,999857280,participant,4,1050000,1050000,1050000,0,0
101157094,879502008,participant,11,399500,399500,399500,0,0
101157094,998473769,participant,15,35625,35625,35625,1,0
101157094,999897729,participant,17,277000,277000,277000,0,0
101157447,954900496,participant,5,546000,382200,382200,1,0
101157447,963194384,participant,6,197000,197000,197000,0,0
101157447,884975524,participant,7,737500,737500,737500,0,0
101157447,999947296,participant,13,564415,395090.5,395090.5,0,0
101157447,996740088,participant,18,549625,549625,549625,0,0
101157447,941875045,participant,16,486875,486875,486875,0,0
101157447,887693852,participant,9,1517462.5,1062223.75,1062223.75,0,0
101157447,999991722,coordinator,1,924250,924250,924250,0,0
101157447,994187921,participant,14,437925,437925,437925,0,0
101157447,954983722,participant,12,119375,119375,119375,0,0
101157447,890699882,participant,15,376750,263725,263725,1,0
101157447,885203086,participant,8,269837.5,269837.5,269837.5,0,0
101157447,999993662,participant,20,166000,166000,166000,0,0
101157447,917706913,participant,3,368125,368125,368125,1,0
101157447,907549752,participant,2,496875,496875,496875,0,0
101157447,884918391,participant,10,484850,484850,484850,0,0
101157447,999825270,participant,17,286375,286375,286375,0,0
101157447,999557453,participant,19,108750,108750,108750,0,0
101157447,887300517,participant,4,1600700,1600700,1600700,0,0
101157447,886984103,participant,11,273750,191625,191625,1,0
101157448,930725089,participant,23,62300,62300,62300,0,0
101157448,968650731,associatedPartner,20,0,,0,0,0
101157448,998208280,participant,16,426250,426250,426250,0,0
101157448,999868144,participant,4,394551.25,394551.25,394551.25,0,0
101157448,998189850,participant,9,486250,486250,486250,1,0
101157448,941752728,participant,8,346026.25,346026.25,346026.25,0,0
101157448,880719843,participant,17,267500,267500,267500,0,0
101157448,879610066,participant,14,362878.75,362878.75,362878.75,0,0
101157448,884060135,coordinator,1,1336415.19,935490.63,935490.63,1,0
101157448,999988909,participant,11,367073.75,367073.75,367073.75,0,0
101157448,914726200,participant,6,496081.25,496081.25,496081.25,0,0
101157448,882369813,associatedPartner,22,0,,0,0,0
101157448,999909854,associatedPartner,19,0,,0,0,0
101157448,890303928,associatedPartner,21,0,,0,1,0
101157448,999659109,participant,7,199500,199500,199500,0,0
101157448,999987357,participant,2,708395,708395,708395,0,0
101157448,999852430,participant,5,540543.75,540543.75,540543.75,0,0
101157448,996409512,associatedPartner,18,0,,0,0,0
101157448,999904131,participant,13,400000,400000,400000,0,0
101157448,902449880,participant,3,558687.5,558687.5,558687.5,0,0
101157448,999977851,participant,12,488491.25,488491.25,488491.25,0,0
101157448,999923240,participant,15,419625,419625,419625,0,0
101157448,999588493,participant,10,302125,302125,302125,0,0
101157458,999478883,participant,3,550862.5,550862.5,550862.5,0,0
101157458,908292384,participant,4,473625,473625,473625,0,0
101157458,999997833,participant,17,227500,227500,227500,0,0
101157458,879356023,participant,19,255312.5,178718.75,178718.75,1,0
101157458,994216051,participant,20,17500,0,0,0,0
101157458,999988909,participant,6,337937.5,337937.5,337937.5,0,0
101157458,999861063,associatedPartner,25,0,,0,0,0
101157458,999978821,participant,5,276562.5,276562.5,276562.5,0,0
101157458,999976493,associatedPartner,21,0,,0,0,0
101157458,999654162,coordinator,1,1507812.5,1487812.5,1487812.5,0,0
101157458,936105873,participant,15,5000,0,0,0,0
101157458,889096181,participant,14,223437.5,223437.5,223437.5,0,0
101157458,999988521,participant,2,308842.5,308842.5,308842.5,0,0
101157458,940211980,participant,9,170937.5,119656.25,119656.25,1,0
101157458,998518583,associatedPartner,22,0,,0,0,0
101157458,999979500,participant,10,301250,301250,301250,0,0
101157458,998403929,associatedPartner,24,0,,0,0,0
101157458,972826484,participant,11,167500,167500,167500,0,0
101157458,999467340,associatedPartner,23,0,,0,0,0
101157458,999591306,participant,7,286875,286875,286875,0,0
101157458,949799848,participant,16,102187.5,102187.5,102187.5,0,0
101157458,879620930,participant,13,167250,117075,117075,1,0
101157458,999997930,participant,18,238750,211000,211000,0,0
101157458,961726483,participant,12,170000,170000,170000,0,0
101157458,994557879,participant,8,92308.75,92308.75,92308.75,0,0
101157643,910939514,participant,8,476814.29,333770,333770,1,0
101157643,986128482,participant,16,205770,205770,205770,0,0
101157643,880576477,participant,6,122645,122645,122645,0,0
101157643,991816077,participant,13,213270,213270,213270,0,0
101157643,999990946,participant,19,362520,362520,362520,0,0
101157643,944982634,participant,10,70020,70020,70020,0,0
101157643,999512930,participant,21,427439.29,299207.5,299207.5,1,0
101157643,880735945,participant,23,213064.29,149145,149145,1,0
101157643,894585605,participant,9,205770,205770,205770,0,0
101157643,916943523,coordinator,1,820689.29,574482.5,574482.5,1,0
101157643,960848342,participant,11,356270,356270,356270,0,0
101157643,972782446,participant,3,277645,277645,277645,0,0
101157643,926362126,participant,20,501814.29,351270,351270,1,0
101157643,998829080,participant,25,192020,192020,192020,0,0
101157643,920499058,participant,14,108150,108150,108150,0,0
101157643,938727492,participant,7,69043,69043,69043,0,0
101157643,932227425,participant,15,201395,201395,201395,0,0
101157643,899910129,participant,18,443064.29,310145,310145,1,0
101157643,919854008,participant,5,78270,78270,78270,0,0
101157643,999591306,participant,12,303270,303270,303270,0,0
101157643,892135579,participant,2,644314.29,451020,451020,1,0
101157643,949987737,associatedPartner,26,0,,0,1,0
101157643,879572430,participant,4,287212,287212,287212,0,0
101157643,998069182,participant,22,230770,230770,230770,1,0
101157643,943294737,participant,24,169314.29,118520,118520,1,0
101157643,999842536,participant,17,228270,228270,228270,0,0
101157707,999995505,participant,10,522500,522500,522500,0,0
101157707,887889113,participant,25,70000,70000,70000,0,0
101157707,989393987,participant,9,189375,189375,189375,0,0
101157707,999963980,participant,13,498000,348600,348600,0,0
101157707,933973716,participant,22,165000,165000,165000,0,0
101157707,998823842,participant,21,543125,543125,543125,0,0
101157707,997534324,participant,3,423750,423750,423750,0,0
101157707,932760440,participant,8,419944,419944,419944,0,0
101157707,999604110,participant,7,441465,441465,441465,0,0
101157707,999895789,participant,23,200000,200000,200000,0,0
101157707,999976590,thirdParty,6,0,0,150000,0,0
101157707,920200589,participant,4,536250,375375,375375,1,0
101157707,974988420,participant,18,195937.5,195937.5,195937.5,1,0
101157707,907678859,participant,12,75500,75500,75500,0,0
101157707,998079949,associatedPartner,31,0,,0,0,0
101157707,999951467,participant,14,993000,695100,695100,0,0
101157707,999884731,participant,15,191250,191250,191250,0,0
101157707,986210447,participant,16,405437.5,405437.5,405437.5,0,0
101157707,999808780,participant,27,423222.5,296255.75,296255.75,0,0
101157707,999978239,coordinator,1,765846,765846,765846,0,0
101157707,966010294,participant,6,390125,390125,240125,1,0
101157707,881437255,associatedPartner,29,0,,0,0,0
101157707,888629126,participant,19,110312.5,110312.5,110312.5,0,0
101157707,920286919,associatedPartner,30,0,,0,0,0
101157707,998341364,participant,24,322500,322500,322500,1,0
101157707,999960488,participant,20,840000,588000,588000,0,0
101157707,999419422,participant,2,283750,283750,283750,0,0
101157707,913789374,participant,28,459500,459500,459500,0,0
101157707,966998336,participant,17,675250,675250,675250,0,0
101157707,910401164,participant,26,418750,293125,293125,1,0
101157707,950897306,participant,11,637500,637500,637500,0,0
101157707,915811533,participant,5,268750,268750,268750,0,0
101212639,999981537,participant,8,196500,196500,196500,0,0
101212639,999645238,participant,13,187193.75,187193.75,187193.75,0,0
101212639,972442364,participant,10,79000,79000,79000,0,0
101212639,915056194,participant,22,115812.5,115812.5,115812.5,0,0
101212639,910730091,participant,25,95625,95625,95625,1,0
101212639,939316185,participant,14,71875,71875,71875,0,0
101212639,997382713,participant,7,132500,132500,132500,0,0
101212639,950224126,participant,12,83750,83750,83750,1,0
101212639,999971837,participant,11,81968.75,81968.75,81968.75,0,0
101212639,876922875,participant,23,77812.5,77812.5,77812.5,0,0
101212639,966036484,participant,6,107586.25,107586.25,107586.25,0,0
101212639,929362239,participant,16,117812.5,117812.5,117812.5,1,0
101212639,878369048,participant,15,75318.75,75318.75,75318.75,0,0
101212639,952610423,participant,3,227125,227125,227125,1,0
101212639,998945868,participant,5,100100,100100,100100,0,0
101212639,999628457,participant,17,77812.5,77812.5,77812.5,0,0
101212639,999613422,participant,18,153750,153750,153750,0,0
101212639,952929844,participant,19,38625,38625,38625,0,0
101212639,934320200,participant,24,155000,155000,155000,0,0
101212639,937459605,participant,9,109762.5,109762.5,109762.5,1,0
101212639,984364246,coordinator,1,286250,286250,286250,0,0
101212639,900395420,participant,20,143125,143125,143125,0,0
101212639,923763690,participant,2,220750,220750,220750,0,0
101212639,943930766,participant,28,68312.5,68312.5,68312.5,0,0
101212639,896462167,participant,31,136500,136500,136500,0,0
101212639,999887059,participant,32,71875,71875,71875,0,0
101212639,998750316,participant,29,83750,83750,83750,0,0
101212639,998341364,participant,4,217500,217500,217500,1,0
101212639,999419422,participant,27,119375,119375,119375,0,0
101212639,948933735,participant,26,161713.75,161713.75,161713.75,0,0
101212639,999975717,participant,30,121406.25,121406.25,121406.25,0,0
101212639,999912570,participant,21,83750,83750,83750,0,0
101212761,920803250,participant,9,429625,300737.5,300737.5,1,0
101212761,950742785,associatedPartner,27,0,,0,0,0
101212761,999902870,participant,10,324375,324375,324375,0,0
101212761,999512736,participant,17,567093.75,567093,567093,0,0
101212761,995380051,participant,24,235691.25,235691.25,235691.25,0,0
101212761,933973716,participant,23,160875,160875,160875,0,0
101212761,926787277,participant,7,294946.25,294946.25,294946.25,1,0
101212761,950510179,participant,4,414000,414000,414000,0,0
101212761,888059445,participant,25,119625,119625,119625,0,0
101212761,878875582,participant,2,537125,537125,537125,0,0
101212761,999873382,participant,21,213750,213750,213750,0,0
101212761,999422235,participant,18,219525,219525,219525,0,0
101212761,876914242,participant,20,430625,430625,430625,0,0
101212761,878550050,participant,22,101875,101875,101875,0,0
101212761,999993662,participant,14,277382.5,277382.5,277382.5,0,0
101212761,943732110,participant,19,296375,296375,296375,0,0
101212761,999963301,participant,12,685206.25,685206.25,685206.25,0,0
101212761,997697866,participant,26,223273.75,223273.75,223273.75,0,0
101212761,999452596,participant,3,463375,463375,463375,0,0
101212761,999978239,coordinator,1,455625,455625,455625,0,0
101212761,933126518,participant,15,172750,172750,172750,0,0
101212761,891590633,participant,8,501937.5,351356.25,351356.25,1,0
101212761,998341364,participant,6,473125,473125,473125,1,0
101212761,887161128,associatedPartner,28,0,,0,0,0
101212761,999419422,participant,16,484250,484250,484250,0,0
101212761,999543776,participant,11,278500,194950,194950,1,0
101212761,873503625,participant,13,611875,611875,611875,0,0
101212761,999630494,participant,5,379125,379125,379125,0,0
101212794,999645238,coordinator,1,1707238.75,1707238.75,1707238.75,0,0
101212794,913968436,participant,18,231750,162225,162225,0,0
101212794,999516616,participant,16,400300,400300,400300,0,0
101212794,908315955,participant,14,238227.5,238227.5,238227.5,0,0
101212794,916321753,participant,5,419625,419625,419625,0,0
101212794,999562788,participant,8,405750,405750,405750,0,0
101212794,948946636,participant,11,220275,220275,220275,0,0
101212794,960782479,participant,7,482598.75,482598.75,482598.75,0,0
101212794,975342373,participant,15,229687.5,229687.5,229687.5,0,0
101212794,996697893,participant,3,613843.75,613843.75,613843.75,0,0
101212794,998829080,participant,13,266987.75,225999.95,130361.75,0,0
101212794,999520302,participant,2,982322.5,982322.5,982322.5,0,0
101212794,898628856,participant,12,222600,222600,222600,0,0
101212794,999575107,participant,9,633907.5,633907.5,633907.5,0,0
101212794,998341364,participant,6,613750,613750,613750,1,0
101212794,872452824,thirdParty,13,0,0,95638.2,0,0
101212794,992665991,participant,17,226125,226125,226125,0,0
101212794,936955108,participant,10,296750,296750,296750,0,0
101212794,999547365,participant,4,666125,666125,666125,0,0
101212947,876370751,participant,6,343500,343500,343500,0,0
101212947,953318426,participant,13,710750,497525,497525,1,0
101212947,999697909,participant,16,663750,464625,464625,1,0
101212947,881264692,participant,11,483750,338625,338625,1,0
101212947,950828727,coordinator,1,1376250,963375,963375,0,0
101212947,919991845,participant,21,480000,480000,480000,0,0
101212947,913695963,participant,15,711906.25,498334.38,498334.38,1,0
101212947,884672011,participant,17,298750,209125,209125,1,0
101212947,926362126,participant,10,855758.75,599031.13,599031.13,1,0
101212947,997951618,participant,18,343250,343250,343250,0,0
101212947,999586941,participant,20,366875,366875,366875,0,0
101212947,996621457,participant,2,592000,414400,414400,0,0
101212947,876258910,participant,8,171250,119875,119875,1,0
101212947,998314786,participant,9,880250,616175,616175,1,0
101212947,907072415,participant,7,128250,128250,128250,0,0
101212947,911121389,participant,4,579250,405475,405475,0,0
101212947,876729069,participant,5,171250,171250,171250,0,0
101212947,951725977,participant,3,266500,266500,266500,0,0
101212947,893130314,participant,12,721250,504875,504875,1,0
101212947,999974165,participant,19,505625,505625,505625,0,0
101212947,884098935,participant,23,505728.25,305142.25,305142.25,1,0
101212947,917703518,participant,14,316250,221375,221375,1,0
101212947,880394311,participant,22,338000,236600,236600,1,0
101212990,989531727,participant,11,177125,177125,177125,0,0
101212990,895646009,participant,15,217125,217125,217125,0,0
101212990,937224574,participant,9,399812.5,399812.5,399812.5,0,0
101212990,876520616,participant,12,101400,101400,101400,0,0
101212990,910571496,participant,2,579943.75,579943.75,579943.75,1,0
101212990,997723959,participant,13,303500,303500,303500,0,0
101212990,890303928,participant,3,589100,589100,589100,1,0
101212990,937459605,participant,4,514387.5,360071.25,360071.25,1,0
101212990,984364246,participant,7,467762.5,467762.5,467762.5,0,0
101212990,997513178,participant,8,296843.88,296843.88,296843.88,0,0
101212990,998253579,coordinator,1,1332906.25,1332906.25,1332906.25,0,0
101212990,997826585,participant,16,106875,106875,106875,0,0
101212990,986044480,participant,6,586280,410396,410396,1,0
101212990,900031573,participant,5,516625,516625,516625,0,0
101212990,950980726,participant,14,344625,344625,344625,0,0
101212990,959102439,participant,10,347312.5,347312.5,347312.5,0,0
101213138,938699847,participant,25,99312.5,99312.5,99312.5,0,0
101213138,891136673,associatedPartner,29,0,,0,0,0
101213138,952503626,participant,13,98750,98750,98750,0,0
101213138,949860570,participant,9,359500,251650,251650,0,0
101213138,999978433,participant,12,500000,500000,500000,0,0
101213138,997353225,participant,6,500000,500000,250000,0,0
101213138,999738843,participant,8,319892.5,319892.5,319892.5,1,0
101213138,917950286,associatedPartner,30,0,,0,0,0
101213138,959320495,participant,26,205000,205000,205000,0,0
101213138,955454463,associatedPartner,28,0,,0,0,0
101213138,926149308,participant,17,100000,100000,100000,0,0
101213138,999507401,participant,19,564500,564500,564500,0,0
101213138,998039209,participant,22,100000,100000,100000,0,0
101213138,999991722,participant,24,99986.25,99986.25,99986.25,0,0
101213138,999461617,participant,5,398000,398000,398000,0,0
101213138,879560208,participant,4,268750,188125,188125,0,0
101213138,999865331,participant,10,411397.5,411397.5,411397.5,0,0
101213138,999604304,participant,18,433721.25,433721.25,433721.25,0,0
101213138,996183890,participant,16,200375,200375,200375,0,0
101213138,999976202,coordinator,1,1326250,1326250,1326250,0,0
101213138,999625644,thirdParty,6,0,0,250000,0,0
101213138,998376284,participant,20,150000,150000,150000,0,0
101213138,996445790,participant,23,100000,100000,100000,0,0
101213138,998303631,participant,11,264375,185062.5,185062.5,1,0
101213138,972498430,participant,27,205623.75,205623.75,205623.75,1,0
101213138,998383462,participant,3,649890,649890,649890,0,0
101213138,928030235,participant,2,679625,679625,679625,0,0
101213138,999419422,participant,7,250000,250000,250000,0,0
101213138,986405514,participant,21,100000,100000,100000,0,0
101213138,896262638,participant,14,248750,248750,248750,0,0
101213138,971958431,participant,15,200000,200000,200000,0,0
101213184,986958026,participant,9,175762.5,175762.5,175762.5,0,0
101213184,936495134,participant,5,322781.25,322781.25,322781.25,0,0
101213184,999986096,participant,2,567500,567500,567500,0,0
101213184,999841760,participant,7,87500,87500,87500,0,0
101213184,998463002,participant,10,173305,173305,173305,0,0
101213184,911539847,participant,11,178125,178125,178125,1,0
101213184,934887262,coordinator,1,739493.75,739493.75,739493.75,0,0
101213184,999452596,participant,4,456562.5,456562.5,456562.5,0,0
101213184,999591306,participant,6,373125,373125,373125,0,0
101213184,999853206,participant,3,459870,459870,459870,0,0
101213184,999903064,associatedPartner,12,0,,0,0,0
101213184,999861451,participant,8,465265,465265,465265,0,0
101213634,915056194,participant,8,270125,270125,270125,0,0
101213634,952610423,participant,2,229875,229875,229875,1,0
101213634,998945868,participant,4,210300,210300,210300,0,0
101213634,984364246,participant,7,148875,148875,148875,0,0
101213634,923763690,coordinator,1,325000,325000,325000,0,0
101213634,892204158,participant,6,197250,197250,197250,1,0
101213634,900885658,participant,5,178437.5,178437.5,178437.5,1,0
101213634,996747848,participant,9,219875,219875,219875,0,0
101213634,998341364,participant,3,218437.5,218437.5,218437.5,1,0
101214051,999615944,participant,17,148875,104212.5,104212.5,0,0
101214051,876910362,participant,21,76250,76250,76250,0,0
101214051,920803250,participant,4,448125,313687.5,313687.5,1,0
101214051,879301994,participant,23,70000,70000,70000,0,0
101214051,907142934,participant,11,300625,210437.5,210437.5,1,0
101214051,972702033,participant,9,465125,325587.5,325587.5,0,0
101214051,985390312,participant,18,255968.75,179178.13,179178.13,0,0
101214051,950744725,participant,15,322718.75,322718.75,322718.75,1,0
101214051,950034976,participant,25,81800,81800,81800,0,0
101214051,888144611,coordinator,1,732500,732500,732500,1,0
101214051,934451926,participant,22,81218.75,81218.75,81218.75,0,0
101214051,945228529,participant,19,77375,77375,77375,0,0
101214051,999976202,participant,2,399562.5,399562.5,399562.5,0,0
101214051,997848022,participant,7,400437.5,280306.25,280306.25,1,0
101214051,937057540,participant,8,398750,398750,398750,0,0
101214051,898974952,participant,13,250023.75,250023.75,250023.75,0,0
101214051,930042694,participant,16,233587.5,163511.25,163511.25,1,0
101214051,892252755,participant,5,400000,400000,400000,0,0
101214051,907072415,participant,20,192500,192500,192500,0,0
101214051,920286919,associatedPartner,27,0,,0,0,0
101214051,998341364,participant,14,358437.5,358437.5,358437.5,1,0
101214051,916573856,participant,3,419250,419250,419250,0,0
101214051,902449880,participant,6,386000,386000,386000,0,0
101214051,952094286,participant,24,74375,74375,74375,0,0
101214051,920868143,participant,10,200000,200000,200000,1,0
101214051,904482903,participant,26,71901.25,71901.25,71901.25,0,0
101214051,949756877,participant,12,287500,201250,201250,1,0
101214172,952362006,participant,16,120000,120000,120000,0,0
101214172,950744725,participant,6,349155,349155,349155,1,0
101214172,881391762,participant,24,136875,136875,136875,0,0
101214172,954530344,participant,4,347250,347250,347250,0,0
101214172,999652804,participant,20,341875,341875,341875,0,0
101214172,998876513,participant,9,399375,399375,185937.5,0,0
101214172,920413116,participant,15,399781.25,399781.25,399781.25,0,0
101214172,930032121,participant,26,119965,119965,119965,0,0
101214172,905106322,participant,12,150937.5,150937.5,150937.5,0,0
101214172,998767582,participant,22,81187.5,81187.5,81187.5,0,0
101214172,876623145,participant,14,399375,399375,399375,0,0
101214172,958114300,participant,10,345500,241850,241850,0,0
101214172,999887350,participant,18,222437.5,222437.5,222437.5,0,0
101214172,891931006,participant,13,186890,186890,186890,0,0
101214172,996375659,participant,19,276875,276875,276875,0,0
101214172,885150803,participant,23,120000,120000,120000,0,0
101214172,999990655,participant,21,156250,156250,156250,0,0
101214172,986224803,participant,25,175625,175625,175625,0,0
101214172,969050177,participant,5,350000,350000,350000,0,0
101214172,997415887,participant,3,350181.25,350181.25,350181.25,0,0
101214172,986260596,participant,17,119875,119875,119875,0,0
101214172,999928478,participant,2,548125,383687.5,383687.5,1,0
101214172,999419422,coordinator,1,1022625,1022625,1022625,0,0
101214172,998222539,participant,7,348125,348125,348125,1,0
101214172,916295951,participant,8,349950,349950,349950,0,0
101214172,873804325,thirdParty,9,0,0,213437.5,0,0
101214172,999750289,participant,11,349637.5,349637.5,349637.5,1,0
101214311,999891812,participant,10,185358.41,185358.41,185358.41,0,0
101214311,954530344,participant,3,463797.44,463797.44,463797.44,0,0
101214311,999731568,coordinator,1,565245,565245,565245,0,0
101214311,997130028,participant,7,382866.34,382866.34,382866.34,1,0
101214311,999866883,participant,5,436272.5,436272.5,436272.5,0,0
101214311,944939857,associatedPartner,13,0,,0,0,0
101214311,900638308,participant,12,222768.23,222768.23,222768.23,1,0
101214311,900351479,participant,9,179063.16,179063.16,179063.16,0,0
101214311,999452596,participant,6,260396.43,260396.43,260396.43,0,0
101214311,957056418,participant,11,138105.8,138105.8,138105.8,0,0
101214311,998341364,participant,2,444585.26,444585.26,444585.26,1,0
101214311,999419422,participant,4,372656.58,372656.58,372656.58,0,0
101214311,966998336,participant,8,170577.85,170577.85,170577.85,0,0
101214343,865921426,participant,23,533512.5,533512.5,533512.5,0,0
101214343,882229066,participant,19,42250,42250,42250,0,0
101214343,906147035,participant,4,369835,369835,369835,0,0
101214343,989531727,participant,17,620250,620250,620250,0,0
101214343,939158754,participant,14,206000,144200,144200,0,0
101214343,947861788,participant,13,197462.5,197462.5,197462.5,0,0
101214343,998928602,participant,15,869625,869625,869625,0,0
101214343,999984059,participant,2,438131.25,438131.25,438131.25,0,0
101214343,906664821,participant,11,271625,190137.5,136106.25,1,0
101214343,878875582,participant,5,429375,429375,429375,0,0
101214343,898831295,participant,8,119750,119750,119750,0,0
101214343,923763690,participant,3,233500,233500,233500,0,0
101214343,951678738,thirdParty,11,0,0,54031.25,1,0
101214343,953071367,participant,22,102250,102250,102250,0,0
101214343,965342449,participant,16,468000,468000,468000,0,0
101214343,999963301,participant,20,0,0,0,0,1
101214343,877803635,participant,6,281500,281500,281500,0,0
101214343,998341364,coordinator,1,962500,962500,962500,1,0
101214343,876576876,participant,12,231006.25,231006.25,231006.25,0,0
101214343,948882228,participant,18,386500,386500,386500,0,0
101214343,928775583,participant,10,89375,89375,89375,0,0
101214343,938217272,participant,21,303500,303500,303500,1,0
101214343,999547365,participant,9,181816.25,181816.25,181816.25,0,0
101214343,880560084,participant,7,179125,179125,179125,0,0
101214414,950982763,participant,13,84500,84500,84500,0,0
101214414,999516907,participant,6,347812.5,347812.5,347812.5,0,0
101214414,902128228,participant,14,685937.5,480156.25,480156.25,1,0
101214414,891712756,participant,10,366000,366000,366000,0,0
101214414,886138263,participant,12,77687.5,77687.5,77687.5,0,0
101214414,963542420,participant,23,84375,84375,84375,0,0
101214414,946339373,participant,19,144375,144375,144375,0,0
101214414,998795809,participant,28,86281.25,86281.25,86281.25,0,0
101214414,999993468,participant,4,577302.5,577302.5,577302.5,0,0
101214414,878780522,participant,20,74375,52062.5,52062.5,0,0
101214414,988824015,participant,9,446875,446875,446875,0,0
101214414,948939167,participant,25,149687.5,149687.5,149687.5,0,0
101214414,932760440,participant,18,198211.5,198211.5,198211.5,0,0
101214414,999978142,coordinator,1,866750,866750,866750,0,0
101214414,999984059,participant,3,401645,401645,401645,0,0
101214414,999604110,participant,8,348422.5,348422.5,348422.5,0,0
101214414,940242632,participant,27,150000,150000,150000,0,0
101214414,879064344,participant,26,162250,113575,113575,0,0
101214414,907666928,participant,17,80992.5,80992.5,80992.5,0,0
101214414,926523728,participant,22,396942.5,396942.5,396942.5,0,0
101214414,998638087,participant,7,261500,183050,183050,1,0
101214414,876153374,participant,21,158125,158125,158125,1,0
101214414,918176102,participant,11,356250,249375,249375,1,0
101214414,897743925,participant,24,78125,78125,78125,0,0
101214414,999985805,participant,5,389560,389560,389560,0,0
101214414,999654356,participant,2,482812.5,482812.5,482812.5,0,0
101214414,989813803,participant,15,283650,198555,198555,1,0
101214414,941618577,participant,16,299432.25,299432.25,299432.25,0,0
101214441,892844164,participant,20,527891.25,527891.25,527891.25,0,0
101214441,910939514,participant,5,365125,255587.5,255587.5,1,0
101214441,867662770,participant,25,687937.5,481556.25,481556.25,1,0
101214441,950607664,participant,18,436875,394031.25,294062.5,1,0
101214441,876286070,thirdParty,18,0,0,99968.75,1,0
101214441,881817592,participant,7,922685.75,868811,743105,0,0
101214441,944164051,participant,12,145000,145000,145000,0,0
101214441,997298614,participant,15,338160,338160,338160,0,0
101214441,878925537,participant,4,392145,392145,392145,0,0
101214441,876040466,participant,8,706781.25,706781.25,571058.75,0,0
101214441,912703168,participant,16,198125,198125,198125,0,0
101214441,941622457,participant,2,513907.5,513907.5,513907.5,0,0
101214441,998322449,participant,3,28000,19600,19600,1,1
101214441,876508491,thirdParty,8,0,0,135722.5,0,0
101214441,929547315,participant,19,266912.5,266912.5,266912.5,0,0
101214441,998945771,participant,9,203777.5,203777.5,203777.5,0,0
101214441,999873673,participant,21,255680,255680,255680,0,0
101214441,988522054,participant,17,457250,320075,320075,0,0
101214441,876169573,thirdParty,7,0,0,125706,0,0
101214441,919672424,participant,10,98250,98250,98250,0,0
101214441,999879881,coordinator,1,1062190,1062190,1062190,0,0
101214441,906367322,participant,11,47250,47250,47250,0,0
101214441,999749610,participant,23,100001.25,100001.25,100001.25,0,0
101214441,984882226,participant,6,750125,750125,750125,0,0
101214441,994416065,associatedPartner,24,0,,0,1,1
101214441,876293442,participant,13,199750,199750,199750,0,0
101214441,991108074,participant,22,373832.5,373832.5,373832.5,0,0
101214441,999591209,participant,14,425000,425000,425000,0,0
101214557,999577726,participant,9,227312.5,227312.5,227312.5,0,0
101214557,884577630,participant,7,249375,249375,249375,1,0
101214557,999468310,participant,4,145234.38,145234.38,145234.38,0,0
101214557,911244676,participant,11,257187.5,257187.5,257187.5,1,0
101214557,999522824,participant,6,77290,77290,77290,0,0
101214557,999991722,participant,2,216562.5,216562.5,216562.5,0,0
101214557,998175591,participant,13,277500,277500,277500,0,0
101214557,888809158,participant,10,292500,292500,292500,0,0
101214557,999976202,participant,14,149912.5,149912.5,149912.5,0,0
101214557,999872218,participant,3,230000,230000,230000,0,0
101214557,916720132,participant,8,201875,201875,201875,1,0
101214557,887857685,participant,5,177812.5,177812.5,177812.5,0,0
101214557,999702371,coordinator,1,461125,461125,461125,0,0
101214557,892157501,participant,12,198906.25,198906.25,198906.25,1,0
101214563,995821886,participant,4,793750,555625,555625,0,0
101214563,988679582,participant,18,322250,322250,322250,0,0
101214563,998521008,participant,3,376250,376250,376250,0,0
101214563,938303602,participant,11,562500,562500,562500,0,0
101214563,999624480,participant,9,396250,396250,396250,0,0
101214563,999512930,participant,15,573125,401187.5,401187.5,1,0
101214563,876768645,participant,13,168000,168000,168000,1,0
101214563,880887944,participant,8,326562.5,228593.75,228593.75,0,0
101214563,878875582,participant,17,1013875,1013875,1013875,0,0
101214563,999907526,participant,28,313125,313125,313125,0,0
101214563,997420543,coordinator,1,791250,791250,791250,0,0
101214563,951294230,participant,26,199131.25,199131.25,199131.25,0,0
101214563,996097754,participant,19,161250,161250,161250,0,0
101214563,950152346,participant,22,162187.5,162187.5,162187.5,1,0
101214563,916943523,participant,16,386000,270200,270200,1,0
101214563,939734255,participant,6,365000,255500,255500,0,0
101214563,949987737,associatedPartner,23,0,,0,1,0
101214563,925581664,participant,27,228125,228125,228125,0,0
101214563,893237208,associatedPartner,25,0,,0,0,0
101214563,992597994,participant,20,269375,269375,269375,0,0
101214563,972290171,participant,10,546250,546250,546250,0,0
101214563,912907450,participant,12,500750,350525,350525,1,0
101214563,999654356,participant,2,668500,668500,668500,0,0
101214563,876906676,participant,7,204093.75,204093.75,204093.75,0,0
101214563,897171237,associatedPartner,24,0,,0,0,0
101214563,999620503,participant,5,365000,365000,365000,0,0
101214563,949855138,participant,14,271500,190050,190050,1,0
101214563,911763529,associatedPartner,29,0,,0,0,0
101214666,999981537,participant,4,343062.5,343062.5,343062.5,0,0
101214666,998852651,participant,7,164687.5,164687.5,164687.5,1,0
101214666,912976223,participant,11,171937.5,171937.5,171937.5,0,0
101214666,991350089,participant,5,134062.5,134062.5,134062.5,0,0
101214666,967944377,participant,12,310937.5,310937.5,310937.5,0,0
101214666,999904228,participant,2,289187.5,289187.5,289187.5,0,0
101214666,999976493,associatedPartner,14,0,,0,0,0
101214666,932674207,participant,9,240937.5,240937.5,240937.5,0,0
101214666,999992013,participant,6,334487.5,334487.5,334487.5,0,0
101214666,984364246,participant,8,234687.5,234687.5,234687.5,0,0
101214666,952129982,participant,3,336337.5,336337.5,336337.5,1,0
101214666,933332255,participant,13,249875,249875,249875,1,0
101214666,999977366,coordinator,1,852845,852845,852845,0,0
101214666,999981828,participant,10,335687.5,335687.5,335687.5,0,0
101215153,888396811,participant,9,250125,250125,250125,0,0
101215153,999693350,participant,7,181000,181000,181000,1,0
101215153,948986115,coordinator,1,607296.87,607296.87,607296.87,0,0
101215153,999604110,participant,3,278140.63,278140.63,278140.63,0,0
101215153,952610423,participant,8,218625,218625,218625,1,0
101215153,878875582,participant,5,401250,401250,401250,0,0
101215153,999452596,participant,4,368750,368750,368750,0,0
101215153,998341364,participant,6,425000,425000,425000,1,0
101215153,999419422,participant,2,268750,268750,268750,0,0
101215174,994801543,participant,21,145250,145250,145250,0,0
101215174,906704979,participant,20,127500,127500,127500,0,0
101215174,933973716,coordinator,1,427000,427000,427000,0,0
101215174,952891432,participant,10,957500,670250,670250,1,0
101215174,905760878,participant,24,279000,279000,279000,1,0
101215174,974802471,participant,23,422478.1,422478.1,422478.1,0,0
101215174,952410118,participant,16,270000,270000,270000,0,0
101215174,998767582,participant,6,102950,102950,102950,0,0
101215174,917800421,participant,22,114000,114000,114000,0,0
101215174,897379108,participant,5,442875,442875,442875,0,0
101215174,999969606,participant,7,396875,396875,396875,0,0
101215174,999978239,participant,2,342500,342500,342500,0,0
101215174,939180676,participant,17,130625,130625,130625,0,0
101215174,998391222,participant,12,165625,165625,165625,0,0
101215174,999857474,participant,11,463190,463190,463190,0,0
101215174,986593888,participant,3,277125,193987.5,193987.5,0,0
101215174,938070026,participant,19,331895,331895,331895,0,0
101215174,928030235,participant,4,521250,521250,521250,0,0
101215174,928623875,participant,18,111875,111875,111875,0,0
101215174,938047328,participant,15,413750,413750,413750,1,0
101215174,987762059,participant,8,428750,428750,428750,0,0
101215174,919818312,participant,13,149375,149375,149375,0,0
101215174,999840693,participant,9,370000,370000,370000,0,0
101215174,951114683,participant,14,330000,330000,330000,0,0
101215174,942564327,participant,25,140750,140750,140750,0,0
