projectId,riskId
101037424,2
101037424,3
101037424,4
101037424,5
101037424,8
101037424,10
101037424,13
101112728,2
101112728,3
101112728,4
101112728,11
101214343,2
101214343,3
101214343,4
101214343,5
101214343,13
101037084,1
101037084,2
101037084,3
101037084,4
101037084,5
101037084,6
101037084,7
101037084,8
101037084,10
101037084,11
101212990,3
101212990,4
101212990,5
101212990,7
101212990,10
101212990,11
101214666,1
101214666,2
101214666,3
101214666,4
101214666,5
101214666,6
101214666,7
101214666,8
101214666,9
101214666,10
101214666,11
101214666,12
101214666,13
101215174,2
101215174,3
101215174,4
101215174,5
101215174,7
101215174,10
101215174,13
101093873,1
101093873,2
101093873,4
101093873,5
101093873,7
101093873,8
101093873,11
101093873,12
101093873,13
101093968,1
101093968,2
101093968,3
101093968,4
101093968,5
101093968,8
101093968,13
101212794,1
101212794,2
101212794,3
101212794,4
101212794,5
101212794,7
101212794,8
101212794,10
101212761,1
101212761,2
101212761,3
101212761,4
101212761,5
101212761,7
101212761,8
101212761,10
101212761,11
101214311,1
101214311,3
101214311,4
101214311,5
101214311,6
101214311,7
101214311,8
101214311,9
101214311,13
101036683,1
101036683,2
101036683,3
101036683,5
101036683,7
101036683,8
101036683,10
101036683,11
101036683,12
101215153,1
101215153,2
101215153,3
101215153,4
101215153,5
101215153,6
101215153,7
101215153,8
101215153,9
101215153,10
101215153,11
101215153,13
101112837,1
101112837,2
101112837,3
101112837,4
101112837,5
101112837,7
101112837,13
101212639,1
101212639,2
101212639,3
101212639,4
101212639,5
101212639,6
101212639,7
101212639,8
101212639,9
101212639,10
101212639,11
101212639,12
101212639,13
101093864,2
101093864,3
101093864,4
101093864,5
101093864,7
101093864,8
101093864,9
101093864,10
101093864,11
101093864,12
101093864,13
101093942,1
101093942,2
101093942,3
101093942,4
101093942,5
101093942,6
101093942,7
101093942,8
101093942,9
101093942,10
101093942,11
101093942,12
101093942,13
101036560,1
101036560,2
101036560,3
101036560,4
101036560,5
101036560,6
101036560,7
101036560,8
101036560,9
101036560,10
101036560,11
101036560,12
101036560,13
101213634,1
101213634,2
101213634,3
101213634,4
101213634,5
101213634,6
101213634,7
101213634,8
101213634,9
101213634,10
101213634,11
101213634,12
101213634,13
101112737,1
101112737,2
101112737,3
101112737,4
101112737,5
101112737,6
101112737,8
101112737,9
101112737,10
101112737,13
101112731,1
101112731,2
101112731,3
101112731,4
101112731,5
101112731,7
101112731,8
101112731,10
101112731,11
101112731,13
101213138,1
101213138,4
101213138,5
101213138,8
101213138,6
101213138,7
101213138,10
101213138,3
101213138,12
101139637,3
101139637,4
101139637,5
101139637,6
101139637,11
101139598,2
101139598,3
101139598,4
101139598,5
101139598,11
101112972,1
101112972,2
101112972,3
101112972,4
101112972,5
101112972,7
101112972,8
101112972,11
101112972,13
101214172,1
101214172,2
101214172,3
101214172,4
101214172,5
101214172,6
101214172,7
101214172,8
101214172,9
101214172,10
101214172,11
101214172,13
101139730,2
101139730,3
101139730,4
101139730,5
101139730,10
101139730,11
101112781,2
101112781,3
101112781,5
101112781,8
101112876,2
101112876,5
101112876,6
101112876,13
101112859,1
101112859,2
101112859,4
101112859,5
101112859,6
101112859,8
101112859,13
101112836,1
101112836,2
101112836,3
101112836,4
101112836,5
101112836,6
101112836,7
101112836,8
101112836,13
101214414,2
101214414,3
101214414,4
101214414,5
101214414,7
101214414,9
101214414,10
101214414,11
101214414,13
101139636,3
101139636,4
101214051,2
101214051,3
101214051,4
101214051,5
101214051,7
101214051,9
101214051,10
101214051,13
101214557,1
101214557,2
101214557,3
101214557,4
101214557,5
101214557,6
101214557,7
101214557,11
101214557,13
101213184,2
101213184,3
101213184,4
101213184,5
101213184,7
101213184,9
101213184,10
101213184,11
101213184,13
101214563,2
101214563,3
101214563,4
101214563,5
101214563,9
101214563,11
101139711,3
101139711,4
101139711,5
101139711,10
101139711,11
101112705,1
101112705,2
101112705,3
101112705,4
101112705,5
101112705,6
101112705,7
101112705,8
101112705,9
101112705,10
101112705,11
101112705,12
101112705,13
101212947,2
101212947,3
101212947,4
101212947,5
101212947,7
101212947,9
101212947,10
101212947,11
101112860,1
101112860,2
101112860,3
101112860,4
101112860,7
101112860,8
101112860,9
101112860,10
101112860,11
101112860,13
101112841,2
101112841,3
101112841,4
101112841,5
101112841,9
101112841,10
101112841,13
101214441,2
101214441,3
101214441,4
101214441,5
101214441,10
101112867,3
101112867,4
101157643,3
101157643,4
101157643,8
101157643,13
101157458,3
101157458,13
101156653,1
101156653,6
101156653,8
101156653,12
101155958,3
101155958,4
101155958,6
101155958,11
101155958,13
101157447,2
101157447,3
101157447,5
101157447,8
101157447,10
101093806,2
101093806,3
101093806,4
101093806,5
101093806,8
101093806,9
101093806,13
101157707,1
101157707,2
101157707,3
101157707,4
101157707,6
101157707,10
101157707,13
101093854,2
101093854,3
101093854,4
101093854,5
101093854,6
101093854,8
101093854,10
101093854,13
101157448,2
101157448,3
101157448,4
101157448,6
101157448,7
101157448,13
101093939,4
101093939,5
101093939,7
101093939,9
101093939,10
101093939,11
101156281,2
101156281,3
101156281,4
101156281,5
101156281,9
101156076,2
101156076,3
101156076,7
101156076,11
101156076,13
101157094,2
101157094,3
101157094,5
101157094,7
101157094,9
101157094,10
101157094,11
101155748,2
101155748,3
101155748,7
101155748,11
101093921,2
101093921,3
101093921,4
101093921,7
101093921,11
101093921,13
101094021,1
101094021,2
101094021,3
101094021,4
101094021,5
101094021,6
101094021,7
101094021,8
101094021,9
101094021,10
101094021,11
101094021,12
101094021,13
101112919,1
101112919,2
101112919,3
101112919,4
101112919,5
101112919,6
101112919,7
101112919,8
101112919,9
101112919,10
101112919,11
101112919,12
101112906,2
101112906,4
101112906,6
101112906,7
101112738,2
101112738,3
101112738,4
101112738,5
101112738,7
101112738,11
101156116,2
101156116,4
101156116,5
101156116,6
101156116,7
101156116,11
101156116,13
