pair,left_id,right_id,decision,comment,reviewer
A-C,T0539,883214004,confirmar,Juan 8-oct: misma entidad,
A-C,T0077,876623145,confirmar,,
A-C,T0287,885141976,confirmar,,
A-C,T0068,885055258,rechazar,,
A-C,T0479,876910362,confirmar,,
A-C,T0586,939773346,confirmar,Juan 8-oct: misma entidad,
A-C,T0187,897354858,rechazar,,
A-C,T0203,941237755,rechazar,,
A-C,T0099,955664468,confirmar,,
A-C,T0100,999550954,confirmar,,
A-C,T0123,939180676,rechazar,,
A-C,T0309,984134259,confirmar,,
A-C,T0341,950034976,rechazar,,
A-C,T0529,937252025,rechazar,,
A-C,T0158,998795809,confirmar,,
A-C,T0381,963542420,confirmar,,
E-A,E156,T0135,confirmar,,
E-A,E198,T0033,confirmar,,
E-A,E309,T0229,confirmar,,
E-C,E010,885141976,confirmar,,
E-C,E211,879792038,confirmar,,
E-C,E247,929602993,confirmar,,
E-C,E246,955664468,confirmar,,
A-C,T0528,950751224,rechazar,,
A-C,T0528,882801657,rechazar,,
A-C,T0528,998208086,rechazar,,
A-C,T0128,986210447,rechazar,,
A-C,T0352,950934360,rechazar,,
A-C,T0186,950599031,rechazar,,
A-C,T0207,876576876,rechazar,,
A-C,T0208,876576876,rechazar,,
A-C,T0201,972382418,rechazar,,
A-C,T0534,991940043,rechazar,,
A-C,T0201,880560084,rechazar,,
A-C,T0269,997513178,rechazar,,
A-C,T0089,953071367,rechazar,,
A-C,T0260,884975524,rechazar,,
A-C,T0370,881392247,rechazar,,
A-C,T0203,997220723,rechazar,,
A-C,T0386,919991845,rechazar,,
A-C,T0408,887810834,rechazar,,
A-C,T0281,920868143,rechazar,,
A-C,T0280,972290171,rechazar,,
A-C,T0013,936789432,rechazar,,
A-C,T0013,950152346,rechazar,,
A-C,T0075,901323613,rechazar,,
A-C,T0050,998767582,rechazar,,
A-C,T0111,997538786,rechazar,,
A-C,T0111,943732110,rechazar,,
A-C,T0245,997538786,rechazar,,
A-C,T0245,943732110,rechazar,,
A-C,T0608,880719843,rechazar,,
A-C,T0228,891434657,rechazar,,
A-C,T0606,906367322,rechazar,,
E-C,E040,876576876,rechazar,,
E-C,E056,898575215,rechazar,,
E-C,E103,997513178,rechazar,,
E-C,E096,953071367,rechazar,,
E-C,E124,908292384,rechazar,,
E-C,E139,881392247,rechazar,,
E-C,E210,892096779,rechazar,,
E-C,E256,972290171,rechazar,,
E-C,E233,936789432,rechazar,,
E-C,E233,950152346,rechazar,,
E-C,E264,881391762,rechazar,,
E-C,E308,891434657,rechazar,,
A-C,T0497,997385720,confirmar,,
A-C,T0189,998945771,confirmar,,
A-C,T0555,909232605,confirmar,,
A-C,T0020,876729069,confirmar,,
A-C,T0328,885271471,confirmar,,
A-C,T0207,938070026,confirmar,,
A-C,T0208,938070026,confirmar,,
A-C,T0471,998373665,confirmar,,
A-C,T0417,885641526,confirmar,,
A-C,T0109,933973716,confirmar,,
A-C,T0136,933973716,confirmar,,
A-C,T0151,933973716,confirmar,,
A-C,T0212,949156641,confirmar,,
A-C,T0244,917517763,confirmar,,
A-C,T0472,886138263,confirmar,,
A-C,T0481,885394564,confirmar,,
A-C,T0303,983310438,confirmar,,
A-C,T0413,930696183,confirmar,,
A-C,T0029,897440703,confirmar,,
A-C,T0089,885510770,confirmar,,
A-C,T0164,920867270,confirmar,,
A-C,T0112,997355650,confirmar,,
A-C,T0266,997355650,confirmar,,
A-C,T0509,998829080,confirmar,,
A-C,T0541,993966082,confirmar,,
A-C,T0357,891458131,confirmar,,
A-C,T0389,884100196,confirmar,,
A-C,T0174,983174347,confirmar,,
A-C,T0321,998702204,confirmar,,
A-C,T0230,880576477,confirmar,,
A-C,T0232,920499058,confirmar,,
A-C,T0110,900779637,confirmar,,
A-C,T0537,892096779,confirmar,,
A-C,T0107,881817592,confirmar,,
A-C,T0009,998359891,confirmar,,
A-C,T0117,929602993,confirmar,,
A-C,T0447,885087850,confirmar,,
A-C,T0057,939608446,confirmar,,
A-C,T0064,995943233,confirmar,,
A-C,T0461,888300878,confirmar,,
A-C,T0228,968797880,confirmar,,
A-C,T0233,919672424,confirmar,,
E-A,E018,T0581,confirmar,,
E-A,E080,T0390,confirmar,,
E-A,E081,T0472,confirmar,,
E-A,E137,T0357,confirmar,,
E-A,E165,T0475,confirmar,,
E-A,E254,T0206,confirmar,,
E-A,E303,T0617,confirmar,,
E-C,E012,997385720,confirmar,,
E-C,E040,938070026,confirmar,,
E-C,E063,885641526,confirmar,,
E-C,E089,897440703,confirmar,,
E-C,E096,885510770,confirmar,,
E-C,E099,920867270,confirmar,,
E-C,E120,998829080,confirmar,,
E-C,E121,993966082,confirmar,,
E-C,E173,983174347,confirmar,,
E-C,E205,900779637,confirmar,,
E-C,E209,892096779,confirmar,,
E-C,E257,972290171,confirmar,,
E-C,E288,995943233,confirmar,,
E-C,E308,968797880,confirmar,,
A-A,T0468,T0469,rechazar,"Criterio 9-oct: ante la duda, la entidad superior",
A-A,T0534,T0535,confirmar,"Criterio 9-oct: ante la duda, la entidad superior",
A-A,T0130,T0411,confirmar,"Criterio 9-oct: ante la duda, la entidad superior",
A-A,T0262,T0433,confirmar,"Criterio 9-oct: ante la duda, la entidad superior",
A-A,T0425,T0433,confirmar,"Criterio 9-oct: ante la duda, la entidad superior",
A-A,T0055,T0119,confirmar,"Criterio 9-oct: ante la duda, la entidad superior",
A-A,T0309,T0399,confirmar,"Criterio 9-oct: ante la duda, la entidad superior",
A-A,T0020,T0278,rechazar,"Criterio 9-oct: ante la duda, la entidad superior",
A-A,T0002,T0279,rechazar,"Criterio 9-oct: ante la duda, la entidad superior",
A-A,T0358,T0359,rechazar,"Criterio 9-oct: ante la duda, la entidad superior",
A-A,T0479,T0513,confirmar,"Criterio 9-oct: ante la duda, la entidad superior",
A-A,T0161,T0499,rechazar,"Criterio 9-oct: ante la duda, la entidad superior",
A-A,T0243,T0254,confirmar,"Criterio 9-oct: ante la duda, la entidad superior",
A-A,T0180,T0181,rechazar,"Criterio 9-oct: ante la duda, la entidad superior",
A-A,T0313,T0314,confirmar,"Criterio 9-oct: ante la duda, la entidad superior",
A-A,T0073,T0238,confirmar,"Criterio 9-oct: ante la duda, la entidad superior",
A-A,T0017,T0570,confirmar,"Criterio 9-oct: ante la duda, la entidad superior",
A-A,T0041,T0121,confirmar,"Criterio 9-oct: ante la duda, la entidad superior",
A-A,T0041,T0432,confirmar,"Criterio 9-oct: ante la duda, la entidad superior",
A-A,T0120,T0462,confirmar,"Criterio 9-oct: ante la duda, la entidad superior",
A-A,T0497,T0500,confirmar,,
A-A,T0139,T0140,confirmar,,
A-A,T0093,T0097,confirmar,,
A-A,T0093,T0320,confirmar,,
A-A,T0097,T0320,confirmar,,
A-A,T0426,T0471,confirmar,,
A-A,T0484,T0485,confirmar,,
A-A,T0095,T0428,confirmar,,
A-A,T0391,T0427,confirmar,,
A-A,T0430,T0595,confirmar,,
A-A,T0488,T0489,confirmar,,
A-A,T0262,T0425,confirmar,,
A-A,T0385,T0386,confirmar,,
A-A,T0224,T0225,confirmar,,
A-A,T0322,T0323,confirmar,,
A-A,T0121,T0432,confirmar,,
A-A,T0113,T0114,confirmar,,
A-A,T0473,T0474,confirmar,,
A-A,T0245,T0248,confirmar,,
A-A,T0294,T0295,confirmar,,
A-A,T0460,T0574,rechazar,,
A-A,T0263,T0497,rechazar,,
A-A,T0263,T0500,rechazar,,
A-A,T0270,T0528,rechazar,,
A-A,T0065,T0213,rechazar,,
A-A,T0065,T0349,rechazar,,
A-A,T0065,T0453,rechazar,,
A-A,T0213,T0349,rechazar,,
A-A,T0213,T0453,rechazar,,
A-A,T0349,T0453,rechazar,,
A-A,T0118,T0160,rechazar,,
A-A,T0020,T0028,rechazar,,
A-A,T0020,T0036,rechazar,,
A-A,T0020,T0128,rechazar,,
A-A,T0020,T0268,rechazar,,
A-A,T0020,T0351,rechazar,,
A-A,T0020,T0483,rechazar,,
A-A,T0028,T0036,rechazar,,
A-A,T0028,T0128,rechazar,,
A-A,T0028,T0268,rechazar,,
A-A,T0028,T0278,rechazar,,
A-A,T0028,T0351,rechazar,,
A-A,T0028,T0483,rechazar,,
A-A,T0036,T0128,rechazar,,
A-A,T0036,T0268,rechazar,,
A-A,T0036,T0278,rechazar,,
A-A,T0036,T0351,rechazar,,
A-A,T0036,T0483,rechazar,,
A-A,T0128,T0268,rechazar,,
A-A,T0128,T0278,rechazar,,
A-A,T0128,T0351,rechazar,,
A-A,T0128,T0483,rechazar,,
A-A,T0268,T0278,rechazar,,
A-A,T0268,T0351,rechazar,,
A-A,T0268,T0483,rechazar,,
A-A,T0278,T0351,rechazar,,
A-A,T0278,T0483,rechazar,,
A-A,T0351,T0483,rechazar,,
A-A,T0068,T0445,rechazar,,
A-A,T0068,T0494,rechazar,,
A-A,T0398,T0495,rechazar,,
A-A,T0445,T0494,rechazar,,
A-A,T0484,T0580,rechazar,,
A-A,T0485,T0580,rechazar,,
A-A,T0417,T0587,rechazar,,
A-A,T0456,T0508,rechazar,,
A-A,T0456,T0569,rechazar,,
A-A,T0508,T0569,rechazar,,
A-A,T0021,T0521,rechazar,,
A-A,T0021,T0522,rechazar,,
A-A,T0034,T0390,rechazar,,
A-A,T0109,T0177,rechazar,,
A-A,T0109,T0218,rechazar,,
A-A,T0109,T0316,rechazar,,
A-A,T0109,T0586,rechazar,,
A-A,T0136,T0177,rechazar,,
A-A,T0136,T0218,rechazar,,
A-A,T0136,T0316,rechazar,,
A-A,T0136,T0586,rechazar,,
A-A,T0151,T0177,rechazar,,
A-A,T0151,T0218,rechazar,,
A-A,T0151,T0316,rechazar,,
A-A,T0151,T0586,rechazar,,
A-A,T0177,T0218,rechazar,,
A-A,T0177,T0316,rechazar,,
A-A,T0177,T0586,rechazar,,
A-A,T0218,T0316,rechazar,,
A-A,T0218,T0586,rechazar,,
A-A,T0244,T0277,rechazar,,
A-A,T0271,T0366,rechazar,,
A-A,T0316,T0586,rechazar,,
A-A,T0363,T0391,rechazar,,
A-A,T0363,T0427,rechazar,,
A-A,T0479,T0523,rechazar,,
A-A,T0513,T0523,rechazar,,
A-A,T0521,T0522,rechazar,,
A-A,T0011,T0573,rechazar,,
A-A,T0024,T0594,rechazar,,
A-A,T0045,T0339,rechazar,,
A-A,T0333,T0337,rechazar,,
A-A,T0339,T0340,rechazar,,
A-A,T0116,T0145,rechazar,,
A-A,T0168,T0170,rechazar,,
A-A,T0256,T0362,rechazar,,
A-A,T0379,T0553,rechazar,,
A-A,T0489,T0541,rechazar,,
A-A,T0074,T0274,rechazar,,
A-A,T0144,T0343,rechazar,,
A-A,T0004,T0225,rechazar,,
A-A,T0141,T0475,rechazar,,
A-A,T0180,T0313,rechazar,,
A-A,T0180,T0314,rechazar,,
A-A,T0181,T0313,rechazar,,
A-A,T0181,T0314,rechazar,,
A-A,T0008,T0070,rechazar,,
A-A,T0038,T0558,rechazar,,
A-A,T0092,T0335,rechazar,,
A-A,T0092,T0525,rechazar,,
A-A,T0092,T0564,rechazar,,
A-A,T0125,T0542,rechazar,,
A-A,T0223,T0345,rechazar,,
A-A,T0321,T0459,rechazar,,
A-A,T0335,T0525,rechazar,,
A-A,T0335,T0564,rechazar,,
A-A,T0525,T0564,rechazar,,
A-A,T0545,T0571,rechazar,,
A-A,T0232,T0435,rechazar,,
A-A,T0477,T0568,rechazar,,
A-A,T0102,T0326,rechazar,,
A-A,T0102,T0616,rechazar,,
A-A,T0326,T0616,rechazar,,
A-A,T0305,T0367,rechazar,,
A-A,T0001,T0104,rechazar,,
A-A,T0001,T0355,rechazar,,
A-A,T0104,T0355,rechazar,,
A-A,T0253,T0424,rechazar,,
A-A,T0009,T0041,rechazar,,
A-A,T0009,T0042,rechazar,,
A-A,T0009,T0121,rechazar,,
A-A,T0009,T0432,rechazar,,
A-A,T0017,T0087,rechazar,,
A-A,T0017,T0300,rechazar,,
A-A,T0017,T0470,rechazar,,
A-A,T0019,T0206,rechazar,,
A-A,T0041,T0042,rechazar,,
A-A,T0042,T0121,rechazar,,
A-A,T0042,T0432,rechazar,,
A-A,T0071,T0131,rechazar,,
A-A,T0082,T0531,rechazar,,
A-A,T0087,T0300,rechazar,,
A-A,T0087,T0470,rechazar,,
A-A,T0087,T0570,rechazar,,
A-A,T0117,T0167,rechazar,,
A-A,T0120,T0175,rechazar,,
A-A,T0132,T0299,rechazar,,
A-A,T0165,T0195,rechazar,,
A-A,T0165,T0451,rechazar,,
A-A,T0175,T0462,rechazar,,
A-A,T0195,T0451,rechazar,,
A-A,T0300,T0470,rechazar,,
A-A,T0300,T0570,rechazar,,
A-A,T0312,T0403,rechazar,,
A-A,T0312,T0559,rechazar,,
A-A,T0382,T0463,rechazar,,
A-A,T0382,T0464,rechazar,,
A-A,T0403,T0559,rechazar,,
A-A,T0418,T0567,rechazar,,
A-A,T0463,T0464,rechazar,,
A-A,T0470,T0570,rechazar,,
A-A,T0075,T0076,rechazar,,
A-A,T0075,T0346,rechazar,,
A-A,T0075,T0554,rechazar,,
A-A,T0076,T0346,rechazar,,
A-A,T0076,T0554,rechazar,,
A-A,T0100,T0510,rechazar,,
A-A,T0113,T0115,rechazar,,
A-A,T0114,T0364,rechazar,,
A-A,T0288,T0551,rechazar,,
A-A,T0346,T0554,rechazar,,
A-A,T0039,T0515,rechazar,,
A-A,T0054,T0436,rechazar,,
A-A,T0193,T0369,rechazar,,
A-A,T0193,T0404,rechazar,,
A-A,T0196,T0282,rechazar,,
A-A,T0309,T0461,rechazar,,
A-A,T0369,T0404,rechazar,,
A-A,T0399,T0461,rechazar,,
A-A,T0111,T0245,rechazar,,
A-A,T0111,T0248,rechazar,,
A-A,T0292,T0442,rechazar,,
A-A,T0292,T0608,rechazar,,
A-A,T0442,T0608,rechazar,,
A-A,T0228,T0229,rechazar,,
A-A,T0233,T0613,rechazar,,
A-A,T0233,T0614,rechazar,,
A-A,T0613,T0614,rechazar,,
A-A,T0163,T0550,rechazar,,
E-A,E161,T0180,rechazar,"9-oct: EEA Galway City corresponde a la fila Galway City (MIP4Adapt); Galway (TerraTwin) es otra autoridad (revisión A-A)",
E-A,E161,T0181,confirmar,"9-oct: misma entidad (Galway City)",
