id,nature,level,comment,reviewer
941129794,Otra,,,
885307264,Otra,,,
880771253,Otro organismo público,,,
877187879,ONG / fundación / asociación,,,
892417461,ONG / fundación / asociación,,,
885077665,Otro organismo público,,,
886959465,ONG / fundación / asociación,,,
916314381,ONG / fundación / asociación,,,
984462119,ONG / fundación / asociación,,,
967250439,ONG / fundación / asociación,,,
997538786,Otro organismo público,,,
878925537,Empresa,,,
876768645,Empresa,,,
876623145,Autoridad local,,,
938070026,Autoridad local,,,
998928602,Autoridad local,,,
939773346,Autoridad local,,,
891626038,Autoridad local,,,
937861670,Autoridad local,,,
879792038,Autoridad local,,,
885391557,Autoridad local,,,
939180676,Autoridad local,,,
881437255,Autoridad nacional,,,
885005206,Autoridad nacional,,,
920448812,Autoridad nacional,,,
885141976,Autoridad regional,,,
905662714,Autoridad regional,,,
986260596,Autoridad regional,,,
950629877,Autoridad regional,,,
913576750,Autoridad regional,,,
955664468,Autoridad regional,,,
887300517,Centro de investigación,,,
891813733,Centro de investigación,,,
926787277,Centro de investigación,,,
941622457,Centro de investigación,,,
881391762,Centro de investigación,,,
950607664,Empresa,,,
911297735,Empresa,,,
953676744,ONG / fundación / asociación,,,
905413036,ONG / fundación / asociación,,,
948053945,ONG / fundación / asociación,,,
952204478,ONG / fundación / asociación,,,
950466238,ONG / fundación / asociación,,,
936495134,ONG / fundación / asociación,,,
915811533,ONG / fundación / asociación,,,
913040049,ONG / fundación / asociación,,,
997420543,ONG / fundación / asociación,,,
952516430,ONG / fundación / asociación,,,
895718662,ONG / fundación / asociación,,,
897171237,ONG / fundación / asociación,,,
893237208,ONG / fundación / asociación,,,
986210447,ONG / fundación / asociación,,,
940255630,ONG / fundación / asociación,,,
887901917,ONG / fundación / asociación,,,
876576876,ONG / fundación / asociación,,,
881000464,ONG / fundación / asociación,,,
891632925,ONG / fundación / asociación,,,
885015003,ONG / fundación / asociación,,,
889989551,ONG / fundación / asociación,,,
902877359,ONG / fundación / asociación,,,
998473769,ONG / fundación / asociación,,,
896006752,ONG / fundación / asociación,,,
876922875,ONG / fundación / asociación,,,
961726483,ONG / fundación / asociación,,,
876672324,ONG / fundación / asociación,,,
892252755,ONG / fundación / asociación,,,
880560084,ONG / fundación / asociación,,,
895959319,ONG / fundación / asociación,,,
892020440,ONG / fundación / asociación,,,
998526052,ONG / fundación / asociación,,,
907047195,ONG / fundación / asociación,,,
892350725,ONG / fundación / asociación,,,
911293079,ONG / fundación / asociación,,,
951915806,ONG / fundación / asociación,,,
940595421,ONG / fundación / asociación,,,
907143613,ONG / fundación / asociación,,,
884973487,ONG / fundación / asociación,,,
889350709,ONG / fundación / asociación,,,
948663008,ONG / fundación / asociación,,,
873319713,ONG / fundación / asociación,,,
908292384,ONG / fundación / asociación,,,
951114683,ONG / fundación / asociación,,,
890805515,ONG / fundación / asociación,,,
999987939,ONG / fundación / asociación,,,
885509218,ONG / fundación / asociación,,,
898499652,ONG / fundación / asociación,,,
997494069,ONG / fundación / asociación,,,
888539207,ONG / fundación / asociación,,,
920868143,ONG / fundación / asociación,,,
885301056,ONG / fundación / asociación,,,
929362239,ONG / fundación / asociación,,,
878875582,ONG / fundación / asociación,,,
969231858,ONG / fundación / asociación,,,
882028470,ONG / fundación / asociación,,,
944781650,ONG / fundación / asociación,,,
936214707,ONG / fundación / asociación,,,
951102849,ONG / fundación / asociación,,,
890633243,ONG / fundación / asociación,,,
898858067,ONG / fundación / asociación,,,
885683915,ONG / fundación / asociación,,,
892657342,ONG / fundación / asociación,,,
878550050,ONG / fundación / asociación,,,
890303928,ONG / fundación / asociación,,,
885086977,Otra,,,
884918391,Otra,,,
955902409,Otra,,,
916321753,Otra,,,
892660252,Otro organismo público,,,
885097162,Otro organismo público,,,
883214004,Otro organismo público,,,
914726200,Otro organismo público,,,
950934360,Otro organismo público,,,
885046819,Otro organismo público,,,
881055851,Otro organismo público,,,
896576142,Otro organismo público,,,
907072415,Otro organismo público,,,
953071367,Otro organismo público,,,
897354858,Otro organismo público,,,
891703056,Otro organismo público,,,
999947296,Otro organismo público,,,
960848342,Otro organismo público,,,
888059445,Otro organismo público,,,
881244128,Otro organismo público,,,
888650369,Otro organismo público,,,
881392247,Otro organismo público,,,
885149445,Otro organismo público,,,
884955930,Otro organismo público,,,
998130389,Otro organismo público,,,
887810834,Otro organismo público,,,
900351479,Otro organismo público,,,
941019602,Otro organismo público,,,
885074367,Otro organismo público,,,
882875280,Otro organismo público,,,
909584812,Otro organismo público,,,
950152346,Otro organismo público,,,
952727405,Otro organismo público,,,
983970426,Otro organismo público,,,
999550954,Otro organismo público,,,
881179138,Otro organismo público,,,
888171771,Otro organismo público,,,
999507983,Otro organismo público,,,
882369813,Otro organismo público,,,
906367322,Otro organismo público,,,
882229066,Otro organismo público,,,
951807845,Autoridad local,,,
998945771,Autoridad local,,,
876729069,Autoridad local,,,
885055258,Autoridad local,,,
937658649,Autoridad local,,,
885271471,Autoridad local,,,
890735287,Autoridad local,,,
969778453,Autoridad local,,,
885641526,Autoridad local,,,
949866196,Autoridad local,,,
930610629,Autoridad local,,,
949156641,Autoridad local,,,
933973716,Autoridad local,,,
917517763,Autoridad local,,,
938280322,Autoridad local,,,
887889113,Autoridad local,,,
876910362,Autoridad local,,,
880780274,Autoridad local,,,
886632090,Autoridad local,,,
950897306,Autoridad local,,,
945228529,Autoridad local,,,
997474572,Autoridad local,,,
937664954,Autoridad local,,,
997513178,Autoridad local,,,
983310438,Autoridad local,,,
883215653,Autoridad local,,,
989900036,Autoridad local,,,
884979986,Autoridad local,,,
997664207,Autoridad local,,,
997355650,Autoridad local,,,
944982634,Autoridad local,,,
946339373,Autoridad local,,,
998829080,Autoridad local,,,
993966082,Autoridad local,,,
884967958,Autoridad local,,,
873503625,Autoridad local,,,
906406607,Autoridad local,,,
865921426,Autoridad local,,,
941237755,Autoridad local,,,
895646009,Autoridad local,,,
884100196,Autoridad local,,,
928116856,Autoridad local,,,
996500401,Autoridad local,,,
888629126,Autoridad local,,,
998702204,Autoridad local,,,
949799848,Autoridad local,,,
999512736,Autoridad local,,,
882000728,Autoridad local,,,
941221265,Autoridad local,,,
880576477,Autoridad local,,,
879301994,Autoridad local,,,
938727492,Autoridad local,,,
920499058,Autoridad local,,,
957388352,Autoridad local,,,
880658248,Autoridad local,,,
900779637,Autoridad local,,,
881129086,Autoridad local,,,
881817592,Autoridad local,,,
908315955,Autoridad local,,,
972290171,Autoridad local,,,
936789432,Autoridad local,,,
929602993,Autoridad local,,,
885203086,Autoridad local,,,
998359891,Autoridad local,,,
885087850,Autoridad local,,,
965891857,Autoridad local,,,
883394715,Autoridad local,,,
939608446,Autoridad local,,,
934666102,Autoridad local,,,
999637866,Autoridad local,,,
984134259,Autoridad local,,,
888300878,Autoridad local,,,
876914242,Autoridad local,,,
968797880,Autoridad local,,,
919672424,Autoridad local,,,
937252025,Autoridad local,,,
996409512,Autoridad nacional,,,
916252204,Autoridad nacional,,,
920781328,Autoridad nacional,,,
968362350,Autoridad nacional,,,
891136673,Autoridad nacional,,,
998241357,Autoridad nacional,,,
916533310,Autoridad nacional,,,
996445790,Autoridad nacional,,,
967944377,Autoridad nacional,,,
882236729,Autoridad regional,,,
996312415,Autoridad regional,,,
997385720,Autoridad regional,,,
893313062,Autoridad regional,,,
934771541,Autoridad regional,,,
999575107,Autoridad regional,,,
909232605,Autoridad regional,,,
881085533,Autoridad regional,,,
999654744,Autoridad regional,,,
998373665,Autoridad regional,,,
961026337,Autoridad regional,,,
885394564,Autoridad regional,,,
929489794,Autoridad regional,,,
920952048,Autoridad regional,,,
885510770,Autoridad regional,,,
920867270,Autoridad regional,,,
879924928,Autoridad regional,,,
999822069,Autoridad regional,,,
913299718,Autoridad regional,,,
997697866,Autoridad regional,,,
999703438,Autoridad regional,,,
919818312,Autoridad regional,,,
961820476,Autoridad regional,,,
999778225,Autoridad regional,,,
897440703,Autoridad regional,,,
930696183,Autoridad regional,,,
948939167,Autoridad regional,,,
947904080,Autoridad regional,,,
950866460,Autoridad regional,,,
907328786,Autoridad regional,,,
952793365,Autoridad regional,,,
960804401,Autoridad regional,,,
996539201,Autoridad regional,,,
964126457,Autoridad regional,,,
983174347,Autoridad regional,,,
998823842,Autoridad regional,,,
879502008,Autoridad regional,,,
892096779,Autoridad regional,,,
885766462,Autoridad regional,,,
892369640,Autoridad regional,,,
995943233,Autoridad regional,,,
887161128,Autoridad regional,,,
998795809,Autoridad regional,,,
963542420,Autoridad regional,,,
986405514,Centro de investigación,,,
947977218,Centro de investigación,,,
998830535,Centro de investigación,,,
938047328,Empresa,,,
949852422,Empresa,,,
929744807,Empresa,,,
951227688,Empresa,,,
950751224,ONG / fundación / asociación,,,
915444388,ONG / fundación / asociación,,,
993675955,ONG / fundación / asociación,,,
950744725,ONG / fundación / asociación,,,
876293442,ONG / fundación / asociación,,,
994557879,ONG / fundación / asociación,,,
984556306,ONG / fundación / asociación,,,
997382713,ONG / fundación / asociación,,,
998945868,ONG / fundación / asociación,,,
907549752,ONG / fundación / asociación,,,
898754859,ONG / fundación / asociación,,,
941718002,ONG / fundación / asociación,,,
946358773,ONG / fundación / asociación,,,
914842115,ONG / fundación / asociación,,,
889463132,ONG / fundación / asociación,,,
923635068,ONG / fundación / asociación,,,
910571496,ONG / fundación / asociación,,,
995624006,ONG / fundación / asociación,,,
951387835,ONG / fundación / asociación,,,
920286919,ONG / fundación / asociación,,,
932674207,ONG / fundación / asociación,,,
938217272,ONG / fundación / asociación,,,
950599031,ONG / fundación / asociación,,,
916295951,ONG / fundación / asociación,,,
998341364,ONG / fundación / asociación,,,
988679582,ONG / fundación / asociación,,,
942564327,ONG / fundación / asociación,,,
912219914,ONG / fundación / asociación,,,
898575215,ONG / fundación / asociación,,,
907490485,ONG / fundación / asociación,,,
943930766,ONG / fundación / asociación,,,
907509788,ONG / fundación / asociación,,,
998675044,ONG / fundación / asociación,,,
906704979,ONG / fundación / asociación,,,
972382418,ONG / fundación / asociación,,,
877803635,ONG / fundación / asociación,,,
876520616,ONG / fundación / asociación,,,
891896474,ONG / fundación / asociación,,,
972498430,ONG / fundación / asociación,,,
918145741,ONG / fundación / asociación,,,
917148969,ONG / fundación / asociación,,,
938113482,ONG / fundación / asociación,,,
999964271,ONG / fundación / asociación,,,
963194384,ONG / fundación / asociación,,,
950510179,ONG / fundación / asociación,,,
966036484,ONG / fundación / asociación,,,
997361082,ONG / fundación / asociación,,,
919991845,ONG / fundación / asociación,,,
931790246,ONG / fundación / asociación,,,
998239805,ONG / fundación / asociación,,,
950980726,ONG / fundación / asociación,,,
999810526,ONG / fundación / asociación,,,
914005684,ONG / fundación / asociación,,,
928623875,ONG / fundación / asociación,,,
896906912,ONG / fundación / asociación,,,
999422235,ONG / fundación / asociación,,,
913606820,ONG / fundación / asociación,,,
912703168,ONG / fundación / asociación,,,
927784243,ONG / fundación / asociación,,,
953068069,ONG / fundación / asociación,,,
910730091,ONG / fundación / asociación,,,
999533106,ONG / fundación / asociación,,,
952929844,ONG / fundación / asociación,,,
994801543,ONG / fundación / asociación,,,
892204158,ONG / fundación / asociación,,,
972826484,ONG / fundación / asociación,,,
974802471,ONG / fundación / asociación,,,
928620965,ONG / fundación / asociación,,,
928775583,ONG / fundación / asociación,,,
882219851,ONG / fundación / asociación,,,
876508491,ONG / fundación / asociación,,,
941263848,ONG / fundación / asociación,,,
898974952,ONG / fundación / asociación,,,
883921619,ONG / fundación / asociación,,,
889113738,ONG / fundación / asociación,,,
901323613,ONG / fundación / asociación,,,
959320495,ONG / fundación / asociación,,,
879610066,ONG / fundación / asociación,,,
916073433,ONG / fundación / asociación,,,
880719843,ONG / fundación / asociación,,,
943732110,ONG / fundación / asociación,,,
937439429,ONG / fundación / asociación,,,
900031573,ONG / fundación / asociación,,,
987762059,ONG / fundación / asociación,,,
926523728,ONG / fundación / asociación,,,
949351126,ONG / fundación / asociación,,,
881117058,ONG / fundación / asociación,,,
881160029,Otro organismo público,,,
926686882,Otro organismo público,,,
996700415,Otro organismo público,,,
882801657,Otro organismo público,,,
928836208,Otro organismo público,,,
919927825,Otro organismo público,,,
950583317,Otro organismo público,,,
998208086,Otro organismo público,,,
939316185,Otro organismo público,,,
881192427,Otro organismo público,,,
915589694,Otro organismo público,,,
885041096,Otro organismo público,,,
994305776,Otro organismo público,,,
952503626,Otro organismo público,,,
890772438,Otro organismo público,,,
887275879,Otro organismo público,,,
917535708,Otro organismo público,,,
991940043,Otro organismo público,,,
939158754,Otro organismo público,,,
886871292,Otro organismo público,,,
884975524,Otro organismo público,,,
907678859,Otro organismo público,,,
917739408,Otro organismo público,,,
913280609,Otro organismo público,,,
906559770,Otro organismo público,,,
891563570,Otro organismo público,,,
997534324,Otro organismo público,,,
876153374,Otro organismo público,,,
900395420,Otro organismo público,,,
999963301,Otro organismo público,,,
948933735,Otro organismo público,,,
997220723,Otro organismo público,,,
933126518,Otro organismo público,,,
889260305,Otro organismo público,,,
885264875,Otro organismo público,,,
894000307,Otro organismo público,,,
885143237,Otro organismo público,,,
884984351,Otro organismo público,,,
947861788,Otro organismo público,,,
883836065,Otro organismo público,,,
904482903,Otro organismo público,,,
903042065,Otro organismo público,,,
886318101,Otro organismo público,,,
878369048,Otro organismo público,,,
887408478,Otro organismo público,,,
915866629,Otro organismo público,,,
999454633,Otro organismo público,,,
899261102,Otro organismo público,,,
989041683,Otro organismo público,,,
888631163,Otro organismo público,,,
912924134,Otro organismo público,,,
926527414,Otro organismo público,,,
883225159,Otro organismo público,,,
925738901,Otro organismo público,,,
867440155,Otro organismo público,,,
919854008,Otro organismo público,,,
879572430,Otro organismo público,,,
907081727,Otro organismo público,,,
940242632,Otro organismo público,,,
919993106,Otro organismo público,,,
936105873,Otro organismo público,,,
911763529,Otro organismo público,,,
917950286,Otro organismo público,,,
885098908,Otro organismo público,,,
880859717,Otro organismo público,,,
999628457,Otro organismo público,,,
954810286,Otro organismo público,,,
950034976,Otro organismo público,,,
891434657,Otro organismo público,,,
876906676,Otro organismo público,,,
