pair,left_id,right_id,rank,score_sort,score_set,geo,confidence,accepted
A-C,T0002,999652804,1,100,100,True,alta,True
A-C,T0003,992597994,1,100,100,True,alta,True
A-C,T0009,998359891,1,100,100,False,media,True
A-C,T0012,952991536,1,100,100,True,alta,True
A-C,T0013,891931006,1,72.72727272727273,100.0,True,media,False
A-C,T0013,936789432,2,53.333333333333336,100.0,True,baja,False
A-C,T0013,950152346,3,32.6530612244898,100.0,True,baja,False
A-C,T0016,877936816,1,100,100,True,alta,True
A-C,T0020,876729069,1,84.21052631578947,84.21052631578948,True,media,True
A-C,T0029,897440703,1,25.0,100.0,True,baja,True
A-C,T0036,907666928,1,100,100,True,alta,True
A-C,T0048,891931006,1,100,100,True,alta,True
A-C,T0048,936789432,2,61.111111111111114,72.72727272727272,True,baja,False
A-C,T0048,913576750,3,40.67796610169492,72.72727272727272,True,baja,False
A-C,T0050,998767582,1,54.90196078431373,80.0,True,baja,False
A-C,T0051,997628123,1,100,100,True,alta,True
A-C,T0051,937664954,2,56.25,100.0,True,baja,False
A-C,T0051,907143613,3,39.13043478260869,100.0,True,baja,False
A-C,T0055,934451926,1,100,100,True,alta,True
A-C,T0057,939608446,1,80.0,80.0,True,media,True
A-C,T0061,999624480,1,100,100,True,alta,True
A-C,T0064,995943233,1,55.172413793103445,100.0,True,baja,True
A-C,T0068,885055258,1,51.162790697674424,100.0,True,baja,False
A-C,T0075,901323613,1,42.85714285714286,100.0,True,baja,False
A-C,T0077,876623145,1,81.9672131147541,100.0,True,media,True
A-C,T0078,966998336,1,100,100,True,alta,True
A-C,T0089,953071367,1,47.27272727272728,100.0,True,baja,False
A-C,T0089,885510770,2,34.210526315789465,100.0,True,baja,True
A-C,T0091,952406432,1,100,100,True,alta,True
A-C,T0091,888631163,2,70.0,100.0,True,media,False
A-C,T0092,920413116,1,100,100,True,alta,True
A-C,T0098,948882228,1,100,100,True,alta,True
A-C,T0099,955664468,1,24.489795918367353,100.0,True,baja,True
A-C,T0100,999550954,1,26.086956521739136,100.0,True,baja,True
A-C,T0101,984882226,1,100,100,True,alta,True
A-C,T0107,881817592,1,100,100,False,media,True
A-C,T0109,933973716,1,100,100,False,media,True
A-C,T0110,900779637,1,90.9090909090909,90.9090909090909,True,media,True
A-C,T0111,997539368,1,44.44444444444444,100.0,True,baja,False
A-C,T0111,997538786,2,30.76923076923077,100.0,True,baja,False
A-C,T0111,943732110,3,26.086956521739136,100.0,True,baja,False
A-C,T0112,997355650,1,88.0,88.0,True,media,True
A-C,T0113,966466485,1,53.333333333333336,100.0,True,baja,False
A-C,T0114,966466485,1,53.333333333333336,100.0,True,baja,False
A-C,T0115,966466485,1,100,100,True,alta,True
A-C,T0117,929602993,1,66.66666666666667,100.0,True,media,True
A-C,T0119,934451926,1,100,100,True,media,False
A-C,T0120,884967085,1,100,100,True,alta,True
A-C,T0122,998914634,1,100,100,True,alta,True
A-C,T0123,939180676,1,24.32432432432432,100.0,True,baja,False
A-C,T0124,986290763,1,100,100,True,alta,True
A-C,T0128,986210447,1,40.0,100.0,True,baja,False
A-C,T0131,883229912,1,100,100,True,alta,True
A-C,T0136,933973716,1,100,100,False,media,True
A-C,T0151,933973716,1,100,100,False,media,True
A-C,T0154,993619889,1,100,100,True,alta,True
A-C,T0156,999482375,1,100,100,True,alta,True
A-C,T0156,999454633,2,33.333333333333336,100.0,True,baja,False
A-C,T0158,998795809,1,35.71428571428571,100.0,True,baja,True
A-C,T0161,995380051,1,100,100,True,alta,True
A-C,T0162,885450921,1,100,100,True,alta,True
A-C,T0164,920867270,1,31.88405797101449,100.0,True,baja,True
A-C,T0173,948946636,1,100,100,True,alta,True
A-C,T0174,983174347,1,79.24528301886792,100.0,True,media,True
A-C,T0175,936158738,1,100,100,True,alta,True
A-C,T0178,938862225,1,100,100,True,alta,True
A-C,T0183,986156418,1,100,100,True,alta,True
A-C,T0186,950599031,1,40.0,100.0,True,baja,False
A-C,T0187,897354858,1,43.75,100.0,True,baja,False
A-C,T0189,998945771,1,88.88888888888889,88.88888888888889,True,media,True
A-C,T0199,951294230,1,44.44444444444444,100.0,True,baja,False
A-C,T0201,972382418,1,75.0,100.0,True,media,False
A-C,T0201,992665991,2,60.0,100.0,True,media,False
A-C,T0201,880560084,3,24.0,100.0,True,baja,False
A-C,T0203,941237755,1,42.10526315789473,100.0,True,baja,False
A-C,T0203,997220723,2,32.6530612244898,100.0,True,baja,False
A-C,T0207,938070026,1,48.275862068965516,100.0,True,baja,True
A-C,T0207,876576876,2,31.11111111111111,100.0,True,baja,False
A-C,T0208,938070026,1,48.275862068965516,100.0,True,baja,True
A-C,T0208,876576876,2,31.11111111111111,100.0,True,baja,False
A-C,T0211,900476900,1,100,100,True,alta,True
A-C,T0212,949156641,1,90.9090909090909,90.9090909090909,True,media,True
A-C,T0228,968797880,1,31.25,100.0,True,baja,True
A-C,T0228,891434657,2,18.867924528301884,100.0,True,baja,False
A-C,T0230,880576477,1,51.61290322580645,100.0,True,baja,True
A-C,T0232,920499058,1,48.275862068965516,100.0,True,baja,True
A-C,T0233,919672424,1,56.00000000000001,100.0,True,baja,True
A-C,T0234,951250192,1,93.33333333333333,93.33333333333333,True,alta,True
A-C,T0240,938303602,1,100,100,True,alta,True
A-C,T0244,917517763,1,100,100,False,media,True
A-C,T0245,997539368,1,44.44444444444444,100.0,True,baja,False
A-C,T0245,997538786,2,30.76923076923077,100.0,True,baja,False
A-C,T0245,943732110,3,26.086956521739136,100.0,True,baja,False
A-C,T0248,997539368,1,100,100,True,alta,True
A-C,T0256,975342373,1,92.3076923076923,92.3076923076923,True,alta,True
A-C,T0260,884975524,1,31.25,100.0,True,baja,False
A-C,T0265,915240688,1,100,100,True,alta,True
A-C,T0265,884973487,2,38.888888888888886,100.0,True,baja,False
A-C,T0266,997355650,1,88.0,88.0,True,media,True
A-C,T0268,974988420,1,100,100,True,alta,True
A-C,T0269,997513178,1,66.66666666666667,100.0,True,media,False
A-C,T0273,993960068,1,100,100,True,alta,True
A-C,T0279,999652804,1,56.00000000000001,100.0,True,baja,False
A-C,T0280,972290171,1,83.33333333333334,83.33333333333333,True,media,False
A-C,T0281,920868143,1,58.06451612903225,100.0,True,baja,False
A-C,T0282,999851557,1,100,100,True,alta,True
A-C,T0285,951294230,1,100,100,True,alta,True
A-C,T0287,885141976,1,66.66666666666667,100.0,True,media,True
A-C,T0303,983310438,1,100,100,False,media,True
A-C,T0303,948939167,2,100,100,True,baja,False
A-C,T0304,993964045,1,100,100,True,alta,True
A-C,T0306,952525936,1,100,100,True,alta,True
A-C,T0309,984134259,1,69.23076923076923,82.35294117647058,True,baja,True
A-C,T0312,920404774,1,100,100,True,alta,True
A-C,T0313,930032121,1,100,100,True,alta,True
A-C,T0314,930032121,1,25.0,100.0,True,baja,False
A-C,T0320,997381452,1,100,100,True,alta,True
A-C,T0321,998702204,1,90.9090909090909,90.9090909090909,True,media,True
A-C,T0327,959102439,1,100,100,True,alta,True
A-C,T0327,895646009,2,25.396825396825395,100.0,True,baja,False
A-C,T0328,885271471,1,66.66666666666667,100.0,True,media,True
A-C,T0337,998914634,1,88.88888888888889,88.88888888888889,True,baja,False
A-C,T0339,983820173,1,100,100,True,alta,True
A-C,T0340,983820173,1,100,100,True,baja,False
A-C,T0341,950034976,1,64.0,76.47058823529412,True,baja,False
A-C,T0342,886540231,1,100,100,True,alta,True
A-C,T0342,983970426,2,81.81818181818181,81.81818181818181,True,media,False
A-C,T0351,941259677,1,100,100,True,alta,True
A-C,T0351,952094286,2,50.0,100.0,True,baja,False
A-C,T0351,939316185,3,33.333333333333336,100.0,True,baja,False
A-C,T0352,950934360,1,86.66666666666667,100.0,True,media,False
A-C,T0354,898628856,1,100,100,True,alta,True
A-C,T0357,891458131,1,82.35294117647058,82.35294117647058,True,media,True
A-C,T0358,887040848,1,80.0,100.0,True,media,False
A-C,T0359,887040848,1,100,100,True,alta,True
A-C,T0368,921821168,1,100,100,True,alta,True
A-C,T0369,954389888,1,100,100,True,alta,True
A-C,T0370,881392247,1,69.23076923076923,100.0,True,media,False
A-C,T0375,882863737,1,100,100,True,alta,True
A-C,T0376,994216051,1,100,100,True,alta,True
A-C,T0378,936955108,1,92.3076923076923,92.3076923076923,True,alta,True
A-C,T0381,963542420,1,45.833333333333336,100.0,True,baja,True
A-C,T0385,998498504,1,100,100,True,alta,True
A-C,T0385,919991845,2,50.0,100.0,True,baja,False
A-C,T0386,998498504,1,100,100,True,media,False
A-C,T0386,919991845,2,50.0,100.0,True,baja,False
A-C,T0387,996097754,1,100,100,True,alta,True
A-C,T0389,884100196,1,19.999999999999996,100.0,True,baja,True
A-C,T0393,999476943,1,100,100,True,alta,True
A-C,T0403,992674042,1,100,100,True,alta,True
A-C,T0403,909584812,2,76.92307692307692,76.92307692307692,True,baja,False
A-C,T0405,926252322,1,100,100,True,alta,True
A-C,T0406,997608529,1,100,100,True,alta,True
A-C,T0408,887810834,1,60.0,100.0,True,media,False
A-C,T0410,986368945,1,100,100,True,alta,True
A-C,T0413,930696183,1,100,100,False,media,True
A-C,T0415,999523503,1,100,100,True,alta,True
A-C,T0417,885641526,1,62.5,100.0,True,media,True
A-C,T0418,876040466,1,100,100,True,alta,True
A-C,T0418,876508491,2,38.70967741935484,100.0,True,baja,False
A-C,T0429,930725089,1,93.33333333333333,93.33333333333333,True,alta,True
A-C,T0429,886871292,2,70.96774193548387,80.0,True,baja,False
A-C,T0430,992665991,1,100,100,True,alta,True
A-C,T0431,950971414,1,100,100,True,alta,True
A-C,T0434,991435837,1,100,100,True,alta,True
A-C,T0435,932227425,1,100,100,True,alta,True
A-C,T0435,937861670,2,30.76923076923077,100.0,True,baja,False
A-C,T0447,885087850,1,75.86206896551724,100.0,True,media,True
A-C,T0453,917748332,1,100,100,True,alta,True
A-C,T0459,894283547,1,100,100,True,alta,True
A-C,T0461,888300878,1,60.86956521739131,100.0,True,media,True
A-C,T0462,884967085,1,78.78787878787878,100.0,True,media,False
A-C,T0463,932749285,1,100,100,True,alta,True
A-C,T0464,932749285,1,58.33333333333333,100.0,True,baja,False
A-C,T0471,998373665,1,87.5,87.5,True,media,True
A-C,T0472,886138263,1,100,100,False,media,True
A-C,T0473,998165794,1,100,100,True,alta,True
A-C,T0474,998165794,1,100,100,True,media,False
A-C,T0477,917800421,1,100,100,True,alta,True
A-C,T0479,952362006,1,48.484848484848484,100.0,True,baja,False
A-C,T0479,876910362,2,43.75,100.0,True,baja,True
A-C,T0481,885394564,1,100,100,False,media,True
A-C,T0481,887040848,2,83.33333333333334,83.33333333333333,True,media,False
A-C,T0482,921821168,1,72.72727272727273,75.0,True,baja,False
A-C,T0483,952094286,1,100,100,True,alta,True
A-C,T0483,941259677,2,50.0,100.0,True,baja,False
A-C,T0484,999602073,1,100,100,True,alta,True
A-C,T0485,999602073,1,100,100,True,media,False
A-C,T0497,997385720,1,50.0,100.0,True,baja,True
A-C,T0498,999522921,1,100,100,True,alta,True
A-C,T0499,995380051,1,58.82352941176471,100.0,True,baja,False
A-C,T0502,957056418,1,60.86956521739131,100.0,True,baja,False
A-C,T0503,957056418,1,100,100,True,alta,True
A-C,T0508,986128482,1,93.33333333333333,93.33333333333333,True,alta,True
A-C,T0509,998829080,1,87.5,87.5,True,media,True
A-C,T0511,996380024,1,100,100,True,alta,True
A-C,T0513,952362006,1,64.0,100.0,True,media,False
A-C,T0522,965342449,1,100,100,True,alta,True
A-C,T0523,952362006,1,100,100,True,alta,True
A-C,T0528,950751224,1,43.47826086956522,100.0,True,baja,False
A-C,T0528,882801657,2,40.0,100.0,True,baja,False
A-C,T0528,998208086,3,32.25806451612904,100.0,True,baja,False
A-C,T0529,937252025,1,66.66666666666667,100.0,True,baja,False
A-C,T0530,986538792,1,100,100,True,alta,True
A-C,T0533,996855421,1,100,100,True,alta,True
A-C,T0534,991940043,1,82.35294117647058,100.0,True,media,False
A-C,T0537,892096779,1,62.22222222222222,100.0,True,media,True
A-C,T0538,998824327,1,100,100,True,alta,True
A-C,T0538,882028470,2,72.0,100.0,True,media,False
A-C,T0539,883214004,1,36.8421052631579,100.0,True,baja,True
A-C,T0541,993966082,1,80.0,80.0,True,media,True
A-C,T0555,909232605,1,63.1578947368421,100.0,True,media,True
A-C,T0562,937383072,1,100,100,True,alta,True
A-C,T0565,876370751,1,100,100,True,alta,True
A-C,T0570,895824489,1,100,100,True,alta,True
A-C,T0579,996375659,1,100,100,True,alta,True
A-C,T0583,994575630,1,100,100,True,alta,True
A-C,T0586,939773346,1,43.13725490196079,100.0,True,baja,True
A-C,T0590,897743925,1,100,100,True,alta,True
A-C,T0595,992665991,1,100,100,True,media,False
A-C,T0600,952926061,1,100,100,True,alta,True
A-C,T0601,989531727,1,100,100,True,alta,True
A-C,T0602,885150803,1,100,100,True,alta,True
A-C,T0606,906367322,1,34.04255319148937,100.0,True,baja,False
A-C,T0608,880719843,1,19.354838709677423,100.0,True,baja,False
A-C,T0610,937224574,1,100,100,True,alta,True
A-C,T0617,956948457,1,100,100,True,baja,False
A-C,T0617,998767582,2,44.44444444444444,100.0,True,baja,False
E-A,E010,T0287,1,100,100,True,alta,True
E-A,E012,T0497,1,100,100,True,alta,True
E-A,E013,T0063,1,100,100,True,alta,True
E-A,E014,T0171,1,100,100,True,alta,True
E-A,E014,T0146,2,76.19047619047619,100.0,True,media,False
E-A,E014,T0589,3,76.19047619047619,100.0,True,media,False
E-A,E016,T0273,1,100,100,True,alta,True
E-A,E018,T0581,1,80.0,80.0,True,media,True
E-A,E020,T0078,1,100,100,True,alta,True
E-A,E022,T0182,1,100,100,True,alta,True
E-A,E022,T0505,2,62.857142857142854,80.0,True,baja,False
E-A,E023,T0422,1,57.89473684210527,73.33333333333333,True,baja,False
E-A,E025,T0392,1,100,100,True,alta,True
E-A,E025,T0505,2,74.28571428571429,78.57142857142857,True,baja,False
E-A,E026,T0422,1,100,100,True,alta,True
E-A,E028,T0492,1,100,100,True,alta,True
E-A,E030,T0504,1,100,100,True,alta,True
E-A,E031,T0505,1,100,100,True,alta,True
E-A,E032,T0036,1,100,100,True,alta,True
E-A,E033,T0351,1,100,100,True,alta,True
E-A,E033,T0483,2,50.0,100.0,True,baja,False
E-A,E036,T0047,1,100,100,True,alta,True
E-A,E037,T0162,1,100,100,True,alta,True
E-A,E038,T0172,1,100,100,True,alta,True
E-A,E040,T0207,1,100,100,True,alta,True
E-A,E040,T0208,2,100,100,True,alta,False
E-A,E041,T0219,1,100,100,True,alta,True
E-A,E043,T0251,1,100,100,True,alta,True
E-A,E044,T0252,1,100,100,True,alta,True
E-A,E055,T0003,1,100,100,True,alta,True
E-A,E057,T0093,1,100,100,True,alta,True
E-A,E059,T0360,1,100,100,True,alta,True
E-A,E060,T0426,1,100,100,True,alta,True
E-A,E061,T0484,1,100,100,True,alta,True
E-A,E061,T0485,2,100,100,True,alta,False
E-A,E062,T0576,1,100,100,True,alta,True
E-A,E063,T0417,1,100,100,True,alta,True
E-A,E064,T0456,1,100,100,True,alta,True
E-A,E065,T0508,1,100,100,True,alta,True
E-A,E066,T0511,1,100,100,True,alta,True
E-A,E067,T0569,1,100,100,True,alta,True
E-A,E068,T0021,1,100,100,True,alta,True
E-A,E070,T0103,1,100,100,True,alta,True
E-A,E072,T0126,1,100,100,True,alta,True
E-A,E073,T0177,1,100,100,True,alta,True
E-A,E074,T0218,1,100,100,True,alta,True
E-A,E076,T0267,1,100,100,True,alta,True
E-A,E077,T0277,1,100,100,True,alta,True
E-A,E080,T0390,1,100,100,False,media,True
E-A,E081,T0472,1,100,100,False,media,True
E-A,E083,T0521,1,75.0,75.0,True,baja,False
E-A,E084,T0521,1,100,100,True,alta,True
E-A,E085,T0522,1,100,100,True,alta,True
E-A,E086,T0523,1,100,100,True,alta,True
E-A,E086,T0513,2,64.0,100.0,True,media,False
E-A,E086,T0479,3,48.484848484848484,100.0,True,baja,False
E-A,E087,T0560,1,100,100,True,alta,True
E-A,E088,T0024,1,100,100,True,alta,True
E-A,E089,T0029,1,100,100,True,alta,True
E-A,E090,T0045,1,100,100,True,alta,True
E-A,E092,T0049,1,100,100,True,alta,True
E-A,E093,T0052,1,100,100,True,alta,True
E-A,E094,T0084,1,100,100,True,alta,True
E-A,E095,T0088,1,100,100,True,alta,True
E-A,E096,T0089,1,100,100,True,alta,True
E-A,E096,T0275,2,47.05882352941176,100.0,True,baja,False
E-A,E097,T0090,1,100,100,True,alta,True
E-A,E098,T0122,1,100,100,True,alta,True
E-A,E099,T0164,1,100,100,True,alta,True
E-A,E100,T0179,1,100,100,True,alta,True
E-A,E101,T0197,1,100,100,True,alta,True
E-A,E103,T0269,1,100,100,True,alta,True
E-A,E104,T0337,1,100,100,True,alta,True
E-A,E105,T0339,1,100,100,True,alta,True
E-A,E105,T0340,2,100,100,True,baja,False
E-A,E106,T0339,1,100,100,True,baja,False
E-A,E106,T0340,2,100,100,True,alta,True
E-A,E107,T0347,1,100,100,True,alta,True
E-A,E108,T0409,1,100,100,True,alta,True
E-A,E109,T0412,1,100,100,True,alta,True
E-A,E110,T0556,1,100,100,True,alta,True
E-A,E111,T0573,1,100,100,True,alta,True
E-A,E113,T0215,1,100,100,True,alta,True
E-A,E114,T0211,1,100,100,True,alta,True
E-A,E115,T0257,1,100,100,True,alta,True
E-A,E116,T0265,1,100,100,True,alta,True
E-A,E117,T0379,1,100,100,True,alta,True
E-A,E118,T0416,1,100,100,True,alta,True
E-A,E119,T0488,1,100,100,True,alta,True
E-A,E119,T0489,2,100,100,True,alta,False
E-A,E119,T0169,3,58.33333333333333,100.0,True,baja,False
E-A,E120,T0509,1,100,100,True,alta,True
E-A,E121,T0541,1,100,100,True,alta,True
E-A,E122,T0553,1,100,100,True,alta,True
E-A,E123,T0026,1,100,100,True,alta,True
E-A,E125,T0069,1,100,100,True,alta,True
E-A,E127,T0074,1,100,100,True,alta,True
E-A,E128,T0098,1,100,100,True,alta,True
E-A,E130,T0161,1,100,100,True,alta,True
E-A,E130,T0499,2,58.82352941176471,100.0,True,baja,False
E-A,E131,T0198,1,100,100,True,alta,True
E-A,E132,T0210,1,100,100,True,alta,True
E-A,E133,T0611,1,100,100,True,alta,True
E-A,E134,T0261,1,100,100,True,alta,True
E-A,E135,T0343,1,100,100,True,alta,True
E-A,E136,T0344,1,100,100,True,alta,True
E-A,E137,T0357,1,82.35294117647058,82.35294117647058,True,media,True
E-A,E137,T0441,2,52.94117647058824,100.0,True,baja,False
E-A,E138,T0368,1,100,100,True,alta,True
E-A,E138,T0482,2,72.72727272727273,75.0,True,baja,False
E-A,E139,T0370,1,100,100,True,alta,True
E-A,E140,T0385,1,100,100,True,alta,True
E-A,E140,T0386,2,100,100,True,alta,False
E-A,E142,T0410,1,100,100,True,alta,True
E-A,E144,T0441,1,100,100,True,alta,True
E-A,E145,T0499,1,100,100,True,alta,True
E-A,E145,T0161,2,58.82352941176471,100.0,True,baja,False
E-A,E149,T0243,1,100,100,True,alta,True
E-A,E150,T0249,1,100,100,True,alta,True
E-A,E152,T0465,1,100,100,True,alta,True
E-A,E153,T0491,1,100,100,True,alta,True
E-A,E154,T0601,1,100,100,True,alta,True
E-A,E156,T0135,1,70.96774193548387,100.0,True,media,True
E-A,E158,T0506,1,100,100,True,alta,True
E-A,E159,T0124,1,100,100,True,alta,True
E-A,E160,T0143,1,100,100,True,alta,True
E-A,E161,T0180,1,100,100,True,alta,True
E-A,E161,T0181,2,100,100,True,alta,False
E-A,E162,T0286,1,100,100,True,alta,True
E-A,E163,T0313,1,100,100,True,alta,True
E-A,E163,T0314,2,25.0,100.0,True,baja,False
E-A,E164,T0372,1,100,100,True,alta,True
E-A,E165,T0475,1,100,100,False,media,True
E-A,E166,T0520,1,100,100,True,alta,True
E-A,E168,T0031,1,100,100,True,alta,True
E-A,E169,T0038,1,100,100,True,alta,True
E-A,E170,T0083,1,100,100,True,alta,True
E-A,E170,T0223,2,69.56521739130434,100.0,True,media,False
E-A,E172,T0156,1,100,100,True,alta,True
E-A,E173,T0174,1,100,100,True,alta,True
E-A,E174,T0259,1,100,100,True,alta,True
E-A,E175,T0276,1,100,100,True,alta,True
E-A,E176,T0322,1,100,100,True,alta,True
E-A,E176,T0323,2,100,100,True,alta,False
E-A,E177,T0324,1,100,100,True,alta,True
E-A,E178,T0405,1,100,100,True,alta,True
E-A,E179,T0415,1,100,100,True,alta,True
E-A,E180,T0454,1,100,100,True,alta,True
E-A,E181,T0466,1,100,100,True,alta,True
E-A,E182,T0563,1,100,100,True,alta,True
E-A,E183,T0018,1,100,100,True,baja,False
E-A,E184,T0238,1,100,100,True,alta,True
E-A,E185,T0241,1,100,100,True,alta,True
E-A,E186,T0383,1,100,100,True,alta,True
E-A,E187,T0512,1,100,100,True,alta,True
E-A,E188,T0545,1,100,100,True,alta,True
E-A,E189,T0552,1,100,100,True,alta,True
E-A,E190,T0571,1,100,100,True,alta,True
E-A,E191,T0568,1,100,100,True,alta,True
E-A,E192,T0605,1,100,100,True,alta,True
E-A,E196,T0173,1,100,100,True,alta,True
E-A,E197,T0184,1,100,100,True,alta,True
E-A,E198,T0033,1,57.692307692307686,100.0,True,baja,True
E-A,E200,T0440,1,100,100,True,alta,True
E-A,E204,T0609,1,100,100,True,alta,True
E-A,E205,T0110,1,100,100,True,alta,True
E-A,E206,T0221,1,100,100,True,alta,True
E-A,E207,T0253,1,100,100,True,alta,True
E-A,E207,T0424,2,100,100,True,baja,False
E-A,E208,T0438,1,100,100,True,alta,True
E-A,E209,T0537,1,100,100,True,alta,True
E-A,E210,T0537,1,52.63157894736843,100.0,True,baja,False
E-A,E212,T0566,1,100,100,True,alta,True
E-A,E213,T0007,1,100,100,True,alta,True
E-A,E218,T0191,1,100,100,True,alta,True
E-A,E220,T0236,1,100,100,True,alta,True
E-A,E221,T0242,1,100,100,True,alta,True
E-A,E222,T0272,1,100,100,True,alta,True
E-A,E224,T0290,1,100,100,True,alta,True
E-A,E225,T0291,1,100,100,True,alta,True
E-A,E226,T0315,1,100,100,True,alta,True
E-A,E227,T0446,1,100,100,True,alta,True
E-A,E228,T0467,1,100,100,True,alta,True
E-A,E229,T0493,1,100,100,True,alta,True
E-A,E230,T0583,1,100,100,True,alta,True
E-A,E231,T0598,1,100,100,True,alta,True
E-A,E233,T0013,1,100,100,True,alta,True
E-A,E233,T0048,2,72.72727272727273,100.0,True,media,False
E-A,E234,T0015,1,100,100,True,alta,True
E-A,E236,T0019,1,100,100,True,alta,True
E-A,E239,T0048,1,100,100,True,alta,True
E-A,E239,T0013,2,72.72727272727273,100.0,True,media,False
E-A,E241,T0071,1,100,100,True,alta,True
E-A,E242,T0082,1,100,100,True,alta,True
E-A,E243,T0132,1,100,100,True,alta,True
E-A,E244,T0087,1,100,100,True,alta,True
E-A,E245,T0131,1,100,100,True,alta,True
E-A,E246,T0099,1,100,100,True,alta,True
E-A,E247,T0117,1,100,100,True,alta,True
E-A,E251,T0167,1,100,100,True,alta,True
E-A,E253,T0175,1,100,100,True,alta,True
E-A,E254,T0206,1,100,100,False,media,True
E-A,E256,T0280,1,100,100,True,alta,True
E-A,E257,T0280,1,100,100,True,media,False
E-A,E260,T0300,1,100,100,True,alta,True
E-A,E262,T0312,1,100,100,True,alta,True
E-A,E263,T0342,1,100,100,True,alta,True
E-A,E268,T0382,1,100,100,True,alta,True
E-A,E269,T0403,1,100,100,True,alta,True
E-A,E272,T0463,1,100,100,True,alta,True
E-A,E272,T0464,2,58.33333333333333,100.0,True,baja,False
E-A,E273,T0470,1,100,100,True,alta,True
E-A,E274,T0531,1,100,100,True,alta,True
E-A,E275,T0559,1,100,100,True,alta,True
E-A,E276,T0570,1,100,100,True,alta,True
E-A,E280,T0072,1,100,100,True,alta,True
E-A,E281,T0115,1,100,100,True,alta,True
E-A,E281,T0113,2,53.333333333333336,100.0,True,baja,False
E-A,E281,T0114,3,53.333333333333336,100.0,True,baja,False
E-A,E286,T0503,1,100,100,True,alta,True
E-A,E286,T0502,2,60.86956521739131,100.0,True,baja,False
E-A,E287,T0510,1,100,100,True,alta,True
E-A,E288,T0064,1,100,100,True,alta,True
E-A,E289,T0194,1,100,100,True,alta,True
E-A,E291,T0304,1,100,100,True,alta,True
E-A,E292,T0498,1,100,100,True,alta,True
E-A,E294,T0578,1,100,100,True,alta,True
E-A,E295,T0579,1,100,100,True,alta,True
E-A,E296,T0192,1,100,100,True,alta,True
E-A,E297,T0193,1,100,100,True,alta,True
E-A,E299,T0050,1,100,100,True,alta,True
E-A,E300,T0248,1,100,100,True,alta,True
E-A,E300,T0111,2,44.44444444444444,100.0,True,baja,False
E-A,E300,T0245,3,44.44444444444444,100.0,True,baja,False
E-A,E301,T0292,1,100,100,True,alta,True
E-A,E302,T0536,1,100,100,True,alta,True
E-A,E303,T0050,1,54.90196078431373,80.0,True,baja,False
E-A,E303,T0617,2,44.44444444444444,100.0,True,baja,True
E-A,E305,T0079,1,100,100,True,alta,True
E-A,E306,T0157,1,100,100,True,alta,True
E-A,E307,T0614,1,100,100,True,alta,True
E-A,E308,T0228,1,100,100,True,alta,True
E-A,E308,T0229,2,80.0,80.0,True,media,False
E-A,E309,T0229,1,100,100,False,media,True
E-C,E010,885141976,1,66.66666666666667,100.0,True,media,True
E-C,E012,997385720,1,50.0,100.0,True,baja,True
E-C,E016,993960068,1,100,100,True,alta,True
E-C,E020,966998336,1,100,100,True,alta,True
E-C,E032,907666928,1,100,100,True,alta,True
E-C,E033,941259677,1,100,100,True,alta,True
E-C,E033,952094286,2,50.0,100.0,True,baja,False
E-C,E033,939316185,3,33.333333333333336,100.0,True,baja,False
E-C,E037,885450921,1,100,100,True,alta,True
E-C,E040,938070026,1,48.275862068965516,100.0,True,baja,True
E-C,E040,876576876,2,31.11111111111111,100.0,True,baja,False
E-C,E055,992597994,1,100,100,True,alta,True
E-C,E056,898575215,1,25.454545454545453,100.0,True,baja,False
E-C,E061,999602073,1,100,100,True,alta,True
E-C,E063,885641526,1,62.5,100.0,True,media,True
E-C,E065,986128482,1,93.33333333333333,93.33333333333333,True,alta,True
E-C,E066,996380024,1,100,100,True,alta,True
E-C,E081,886138263,1,100,100,True,alta,True
E-C,E085,965342449,1,100,100,True,alta,True
E-C,E086,952362006,1,100,100,True,alta,True
E-C,E089,897440703,1,25.0,100.0,True,baja,True
E-C,E096,953071367,1,47.27272727272728,100.0,True,baja,False
E-C,E096,885510770,2,34.210526315789465,100.0,True,baja,True
E-C,E098,998914634,1,100,100,True,alta,True
E-C,E099,920867270,1,31.88405797101449,100.0,True,baja,True
E-C,E103,997513178,1,66.66666666666667,100.0,True,media,False
E-C,E104,998914634,1,88.88888888888889,88.88888888888889,True,baja,False
E-C,E105,983820173,1,100,100,True,alta,True
E-C,E106,983820173,1,100,100,True,baja,False
E-C,E114,900476900,1,100,100,True,alta,True
E-C,E116,915240688,1,100,100,True,alta,True
E-C,E116,884973487,2,38.888888888888886,100.0,True,baja,False
E-C,E120,998829080,1,87.5,87.5,True,media,True
E-C,E121,993966082,1,80.0,80.0,True,media,True
E-C,E124,908292384,1,88.88888888888889,100.0,True,media,False
E-C,E128,948882228,1,100,100,True,alta,True
E-C,E130,995380051,1,100,100,True,alta,True
E-C,E137,891458131,1,100,100,True,alta,True
E-C,E138,921821168,1,100,100,True,alta,True
E-C,E139,881392247,1,69.23076923076923,100.0,True,media,False
E-C,E140,998498504,1,100,100,True,alta,True
E-C,E140,919991845,2,50.0,100.0,True,baja,False
E-C,E142,986368945,1,100,100,True,alta,True
E-C,E145,995380051,1,58.82352941176471,100.0,True,baja,False
E-C,E154,989531727,1,100,100,True,alta,True
E-C,E159,986290763,1,100,100,True,alta,True
E-C,E163,930032121,1,100,100,True,alta,True
E-C,E172,999482375,1,100,100,True,alta,True
E-C,E172,999454633,2,33.333333333333336,100.0,True,baja,False
E-C,E173,983174347,1,79.24528301886792,100.0,True,media,True
E-C,E178,926252322,1,100,100,True,alta,True
E-C,E179,999523503,1,100,100,True,alta,True
E-C,E196,948946636,1,100,100,True,alta,True
E-C,E205,900779637,1,90.9090909090909,90.9090909090909,True,media,True
E-C,E209,892096779,1,62.22222222222222,100.0,True,media,True
E-C,E210,892096779,1,27.77777777777778,100.0,True,baja,False
E-C,E211,879792038,1,72.0,72.0,True,baja,True
E-C,E230,994575630,1,100,100,True,alta,True
E-C,E233,891931006,1,72.72727272727273,100.0,True,media,False
E-C,E233,936789432,2,53.333333333333336,100.0,True,baja,False
E-C,E233,950152346,3,32.6530612244898,100.0,True,baja,False
E-C,E239,891931006,1,100,100,True,alta,True
E-C,E239,936789432,2,61.111111111111114,72.72727272727272,True,baja,False
E-C,E239,913576750,3,40.67796610169492,72.72727272727272,True,baja,False
E-C,E245,883229912,1,100,100,True,alta,True
E-C,E246,955664468,1,24.489795918367353,100.0,True,baja,True
E-C,E247,929602993,1,66.66666666666667,100.0,True,media,True
E-C,E253,936158738,1,100,100,True,alta,True
E-C,E256,972290171,1,83.33333333333334,83.33333333333333,True,media,False
E-C,E257,972290171,1,83.33333333333334,83.33333333333333,True,media,True
E-C,E262,920404774,1,100,100,True,alta,True
E-C,E263,886540231,1,100,100,True,alta,True
E-C,E263,983970426,2,81.81818181818181,81.81818181818181,True,media,False
E-C,E264,881391762,1,32.55813953488372,100.0,True,baja,False
E-C,E269,992674042,1,100,100,True,alta,True
E-C,E269,909584812,2,76.92307692307692,76.92307692307692,True,baja,False
E-C,E272,932749285,1,100,100,True,alta,True
E-C,E276,895824489,1,100,100,True,alta,True
E-C,E281,966466485,1,100,100,True,alta,True
E-C,E286,957056418,1,100,100,True,alta,True
E-C,E288,995943233,1,55.172413793103445,100.0,True,baja,True
E-C,E291,993964045,1,100,100,True,alta,True
E-C,E292,999522921,1,100,100,True,alta,True
E-C,E295,996375659,1,100,100,True,alta,True
E-C,E300,997539368,1,100,100,True,alta,True
E-C,E303,998767582,1,100,100,True,alta,True
E-C,E303,956948457,2,44.44444444444444,100.0,True,baja,False
E-C,E308,968797880,1,31.25,100.0,True,baja,True
E-C,E308,891434657,2,18.867924528301884,100.0,True,baja,False
