cordis_id,mission_name,cordis_acronym,title,project_type,funding_scheme,framework,type_matches_cordis,type_note,call_year,master_call,topic_code,topic_title,start_date,end_date,duration_months,lifecycle,cordis_status,total_cost,ec_max_contribution,coordinator,coordinator_country,n_beneficiaries,beneficiary_countries,in_annex5,territory_note,n_authorities,n_territory_codes,n_demonstrators,n_replicators,n_signatory_authorities,n_countries_territories,n_cascade_cohort1,n_cascade_cohort2,n_ta_complete,n_ta_ongoing,n_rows_with_corrections,annex5_call_topic,annex5_topic_matches_cordis,annex5_topic_note,barometer_project_id,source_barometer_types_date,source_annex5_date,source_cordis_retrieved,cordis_url
101093921,Adaptation AGORA,AGORA,A Gathering place to cO-design and co-cReate Adaptation,RIA,HORIZON-RIA,HORIZON,True,,2021,HORIZON-MISS-2021-CLIMA-02,HORIZON-MISS-2021-CLIMA-02-05,Local engagement of citizens in the co-creation of societal transformational change for climate resilience,2023-01-01,2025-12-31,36,ended,SIGNED,3706156.25,3706156.25,FONDAZIONE CENTRO EURO-MEDITERRANEOSUI CAMBIAMENTI CLIMATICI,IT,10,6,True,,3,3,0,0,1,3,0,0,0,0,0,HORIZON-MISS-2021-CLIMA-02-05,True,,101093921,2025-09-30,2026-03-31,2026-10-07,https://cordis.europa.eu/project/id/101093921
101112737,ARCADIA,ARCADIA,TrAnsformative climate ResilienCe by nAture-baseD solutions in the contInentAl bio-geographical region,IA,HORIZON-IA,HORIZON,True,,2022,HORIZON-MISS-2022-CLIMA-01,HORIZON-MISS-2022-CLIMA-01-06,"Testing and demonstrating transformative solutions on climate resilience, mainstreaming nature based solutions in the systemic transformation",2024-01-01,2028-06-30,54,ongoing,SIGNED,18586620,17562795,ART-ER-SOCIETA CONSORTILE PER AZIONI,IT,38,9,True,,9,9,6,3,5,8,0,0,0,0,0,HORIZON-MISS-2022-CLIMA-01-06,True,,101112737,2025-09-30,2026-03-31,2026-10-07,https://cordis.europa.eu/project/id/101112737
101037424,ARSINOE,ARSINOE,CLIMATE RESILIENT-REGIONS THROUGH SYSTEMIC SOLUTIONS AND INNOVATIONS,IA,IA,H2020,True,,2020,H2020-LC-GD-2020,LC-GD-1-3-2020,Climate-resilient Innovation Packages for EU regions,2021-10-01,2025-09-30,48,ended,SIGNED,15654649.46,14834277.5,PANEPISTIMIO THESSALIAS,EL,41,15,True,,11,12,11,0,4,11,0,0,0,0,8,H2020-LC-GD-2020-2,False,"el anexo 5 usa la referencia de la convocatoria H2020, no el topic",101037424,2025-09-30,2026-03-31,2026-10-07,https://cordis.europa.eu/project/id/101037424
101157643,AURORA,AURORA,Demonstrating trAnsformative solUtions to empower climate Resilience tOwards impRoved public health stAtus in the EU Boreal Region,IA,HORIZON-IA,HORIZON,True,"El apéndice 4 cita 101036418, que en CORDIS es otro AURORA (eficiencia energética, H2020); el proyecto de la Misión es 101157643",2023,HORIZON-MISS-2023-CLIMA-01,HORIZON-MISS-2023-CLIMA-01-03,Testing and demonstrating transformative solutions to build resilience towards health risks caused by the effects of climate change,2024-09-01,2028-02-29,42,ongoing,SIGNED,7208824.32,6099870,EXUS SOFTWARE MONOPROSOPI ETAIRIA PERIORISMENIS EVTHINIS,EL,25,10,True,,8,7,5,3,4,4,0,0,0,0,5,HORIZON-MISS-2023-CLIMA-01-03,True,,101036418,2025-09-30,2026-03-31,2026-10-07,https://cordis.europa.eu/project/id/101157643
101214563,BLOSSOM,BLOSSOM,The BLOSSOM Innovative Approach based on Bankable Transformative Climate Solutions in order to Improve Sustainable Climate Adaptation and Mitigation Measures,IA,HORIZON-IA,HORIZON,True,,2024,HORIZON-MISS-2024-CLIMA-01,HORIZON-MISS-2024-CLIMA-01-06,"Demonstration of approaches to improve bankability of solutions by design, addressing the co-benefits (mitigation and adaptation) to improve revenues streams",2025-06-01,2029-05-31,48,ongoing,SIGNED,9964100,8999093.75,THE LISBON COUNCIL FOR ECONOMIC COMPETITIVENESS ASBL,BE,24,11,True,,7,8,3,4,3,5,0,0,0,0,3,HORIZON-MISS-2024-CLIMA-01,False,el anexo 5 da la convocatoria y no el topic,101214563,2025-09-30,2026-03-31,2026-10-07,https://cordis.europa.eu/project/id/101214563
101112731,CARDIMED,CARDIMED,Climate Adaptation and Resilience Demonstrated In the MEDiterranean region,IA,HORIZON-IA,HORIZON,True,,2022,HORIZON-MISS-2022-CLIMA-01,HORIZON-MISS-2022-CLIMA-01-06,"Testing and demonstrating transformative solutions on climate resilience, mainstreaming nature based solutions in the systemic transformation",2023-09-01,2028-02-29,54,ongoing,SIGNED,20807715.55,19307911.25,ETHNICON METSOVION POLYTECHNION,EL,51,12,True,,15,15,9,6,9,10,0,0,0,0,3,HORIZON-MISS-2022-CLIMA-01-06,True,,101112731,2025-09-30,2026-03-31,2026-10-07,https://cordis.europa.eu/project/id/101112731
101093864,CLIMAAX,CLIMAAX,CLIMAte risk and vulnerability Assessment framework and toolboX,Cascade,HORIZON-RIA,HORIZON,False,CORDIS: RIA; la Misión lo clasifica como Cascade (apoyo técnico y financiero en cascada a regiones),2021,HORIZON-MISS-2021-CLIMA-02,HORIZON-MISS-2021-CLIMA-02-01,Development of climate change risk assessments in European regions and communities based on a transparent and harmonised Climate Risk Assessment approach,2023-01-01,2027-02-28,50,ongoing,SIGNED,20002272.5,19999772.5,STICHTING DELTARES,NL,19,12,True,,67,66,0,0,25,24,31,36,0,67,8,HORIZON-MISS-2021-CLIMA-02-01,True,,101093864,2025-09-30,2026-03-31,2026-10-07,https://cordis.europa.eu/project/id/101093864
101139637,ClimaGen,ClimaGen,"Climate-resilient reGeneration and renaturing for, by and with vulnerable neighbourhoods, striving towards net-zero",IA,HORIZON-IA,HORIZON,True,,2023,HORIZON-MISS-2023-CLIMA-CITIES-01,HORIZON-MISS-2023-CLIMA-CITIES-01-01,"Urban greening and re-naturing for urban regeneration, resilience and climate neutrality",2025-01-01,2028-12-31,48,ongoing,SIGNED,12332537.5,11999496.25,NORGES TEKNISK-NATURVITENSKAPELIGE UNIVERSITET NTNU,NO,31,10,True,,9,9,5,4,3,9,0,0,0,0,1,HORIZON-MISS-2023-CLIMA-CITIES-01-01,True,,101139637,2025-09-30,2026-03-31,2026-10-07,https://cordis.europa.eu/project/id/101139637
101156281,ClimaPannonia,ClimaPannonia,Building climate resilience via large scale uptake of systemic solutions in agricultural ecosystems in the Pannonian region,IA,HORIZON-IA,HORIZON,True,,2023,HORIZON-MISS-2023-CLIMA-01,HORIZON-MISS-2023-CLIMA-01-01,Testing and demonstrating transformative solutions increasing climate resilience of the agriculture and/or forestry sector.,2025-03-01,2029-02-28,48,ongoing,SIGNED,6074682.5,5783991.5,"UNIVERZITET U NOVOM SADU, POLJOPRIVREDNI FAKULTET NOVI SAD",RS,20,9,True,,10,8,7,3,3,5,0,0,0,0,3,HORIZON-MISS-2023-CLIMA-01-01,True,,101156281,2025-09-30,2026-03-31,2026-10-07,https://cordis.europa.eu/project/id/101156281
101094021,CLIMAS,CLIMAS,CLIMAte change citizens engagement toolbox for dealing with Societal resilience,RIA,HORIZON-RIA,HORIZON,True,,2021,HORIZON-MISS-2021-CLIMA-02,HORIZON-MISS-2021-CLIMA-02-05,Local engagement of citizens in the co-creation of societal transformational change for climate resilience,2023-01-01,2025-12-31,36,ended,SIGNED,2817902.5,2817902.5,VILNIAUS GEDIMINO TECHNIKOS UNIVERSITETAS,LT,13,9,True,,5,5,0,0,2,5,0,0,0,0,1,HORIZON-MISS-2021-CLIMA-02-05,True,,101094021,2025-09-30,2026-03-31,2026-10-07,https://cordis.europa.eu/project/id/101094021
101112705,CLIMATEFIT,CLIMATEFIT,Resilient CLIMATE Financing and Investment Taskforces,RIA,HORIZON-RIA,HORIZON,True,,2022,HORIZON-MISS-2022-CLIMA-01,HORIZON-MISS-2022-CLIMA-01-02,Unlocking of financial resources for investments into climate resilience,2023-09-01,2026-12-31,40,ongoing,SIGNED,5760510.01,5760510,FONDEN WORLD CLIMATE FOUNDATION,DK,26,11,True,,8,8,0,0,4,8,0,0,0,0,1,HORIZON-MISS-2022-CLIMA-01-02,True,,101112705,2025-09-30,2026-03-31,2026-10-07,https://cordis.europa.eu/project/id/101112705
101112728,ClimEmpower,ClimEmpower,User driven climate applications empowering regional resilience,RIA,HORIZON-RIA,HORIZON,True,,2022,HORIZON-MISS-2022-CLIMA-01,HORIZON-MISS-2022-CLIMA-01-01,"User driven applications and tools for regional and local authorities, and other end users focusing on climate impacts, data and knowledge.",2023-09-01,2026-08-31,36,ended,SIGNED,3072468.89,2997468.5,AIT AUSTRIAN INSTITUTE OF TECHNOLOGY GMBH,AT,12,7,True,,5,5,0,0,1,5,0,0,0,0,1,HORIZON-MISS-2022-CLIMA-01-01,True,,101112728,2025-09-30,2026-03-31,2026-10-07,https://cordis.europa.eu/project/id/101112728
101212947,CLIMINVEST,CLIMINVEST,"Bankable by Design, Continuous, and Predictive Climate Adaptation Investments with Co-Benefits",IA,HORIZON-IA,HORIZON,True,,2024,HORIZON-MISS-2024-CLIMA-01,HORIZON-MISS-2024-CLIMA-01-06,"Demonstration of approaches to improve bankability of solutions by design, addressing the co-benefits (mitigation and adaptation) to improve revenues streams",2025-05-01,2028-04-30,36,ongoing,SIGNED,11810143.25,8999807.76,GFT ITALIA SRL,IT,23,11,True,,5,5,2,3,1,4,0,0,0,0,0,HORIZON-MISS-2024-CLIMA-01,False,el anexo 5 da la convocatoria y no el topic,101212947,2025-09-30,2026-03-31,2026-10-07,https://cordis.europa.eu/project/id/101212947
101213138,COAST-SCAPES,COAST-SCAPES,rethinking COASTal landSCAPES with climate-resilient interventions: systemic land-to-sea solutions,IA,HORIZON-IA,HORIZON,True,,2024,HORIZON-MISS-2024-CLIMA-01,HORIZON-MISS-2024-CLIMA-01-09,"Systemic and cross-sectoral solutions for climate resilience, tailored to the local needs of regions and local authorities",2025-09-01,2029-08-31,48,ongoing,SIGNED,8833698.75,8565911.25,UNIVERSITAT POLITECNICA DE CATALUNYA,ES,27,14,True,,10,6,6,4,2,9,0,0,0,0,4,HORIZON-MISS-2024-CLIMA-01,False,el anexo 5 da la convocatoria y no el topic,101213138,2025-09-30,2026-03-31,2026-10-07,https://cordis.europa.eu/project/id/101213138
101139598,Commit2Green,Commit2Green,Commit to Green: Participatory urban greening and renaturing towards climate neutrality and resilience in European cities (Commit2Green/C2G),IA,HORIZON-IA,HORIZON,True,,2023,HORIZON-MISS-2023-CLIMA-CITIES-01,HORIZON-MISS-2023-CLIMA-CITIES-01-01,"Urban greening and re-naturing for urban regeneration, resilience and climate neutrality",2025-01-01,2029-06-30,54,ongoing,SIGNED,12268892.5,11991392.5,ICLEI EUROPEAN SECRETARIAT GMBH (ICLEI EUROPASEKRETARIAT GMBH),DE,23,9,True,,8,8,8,0,3,8,0,0,0,0,2,HORIZON-MISS-2023-CLIMA-CITIES-01-01,True,,101139598,2025-09-30,2026-03-31,2026-10-07,https://cordis.europa.eu/project/id/101139598
101112972,DesirMED,DesirMED,Demonstration and mainstrEaming of nature-based Solutions for clImate Resilient transformation in the MEDiterranean,IA,HORIZON-IA,HORIZON,True,,2022,HORIZON-MISS-2022-CLIMA-01,HORIZON-MISS-2022-CLIMA-01-06,"Testing and demonstrating transformative solutions on climate resilience, mainstreaming nature based solutions in the systemic transformation",2024-01-01,2028-12-31,60,ongoing,SIGNED,17499268.13,16937969.63,FONDAZIONE CENTRO EURO-MEDITERRANEOSUI CAMBIAMENTI CLIMATICI,IT,32,9,True,,8,8,4,4,6,7,0,0,0,0,1,HORIZON-MISS-2022-CLIMA-01-06,True,,101112972,2025-09-30,2026-03-31,2026-10-07,https://cordis.europa.eu/project/id/101112972
101156076,DRYAD,DRYAD,DEMONSTRATION AND MODELLING OF NBS TO ENHANCE THE RESILIENCE OF MEDITERRANEAN AGRO-SILVO-PASTORAL ECOSYSTEMS AND LANDSCAPES (DRYAD),IA,HORIZON-IA,HORIZON,True,,2023,HORIZON-MISS-2023-CLIMA-01,HORIZON-MISS-2023-CLIMA-01-01,Testing and demonstrating transformative solutions increasing climate resilience of the agriculture and/or forestry sector.,2024-09-01,2028-08-31,48,ongoing,SIGNED,8622807.5,8448545,UNIVERSIDADE DA CORUNA,ES,23,6,True,,8,8,5,3,5,5,0,0,0,0,1,HORIZON-MISS-2023-CLIMA-01-01,True,,101156076,2025-09-30,2026-03-31,2026-10-07,https://cordis.europa.eu/project/id/101156076
101214343,FairFuture,FairFuture,"Fostering Adaptation and Inclusion for Resilient FUTURE (Fair Understanding, Transformation, Urban Resilience and Equity)",IA,HORIZON-IA,HORIZON,True,,2024,HORIZON-MISS-2024-CLIMA-01,HORIZON-MISS-2024-CLIMA-01-08,Demonstration of approaches by regions and local authorities focused on increasing climate resilience of the most vulnerable social groups (just climate resilience),2025-09-01,2029-08-31,48,ongoing,SIGNED,7516888.75,7373601.25,ICLEI EUROPEAN SECRETARIAT GMBH (ICLEI EUROPASEKRETARIAT GMBH),DE,23,10,True,,6,6,4,2,5,6,0,0,0,0,0,HORIZON-MISS-2024-CLIMA-01,False,el anexo 5 da la convocatoria y no el topic,101214343,2025-09-30,2026-03-31,2026-10-07,https://cordis.europa.eu/project/id/101214343
101112860,FARCLIMATE,FARCLIMATE,Moving ForwARd to achieving CLIMATE-resilient and sustainable European regional economic systems,RIA,HORIZON-RIA,HORIZON,True,,2022,HORIZON-MISS-2022-CLIMA-01,HORIZON-MISS-2022-CLIMA-01-04,Transformation of regional economic systems for climate resilience and sustainability,2023-10-01,2027-09-30,48,ongoing,SIGNED,4723433.75,4723433.75,UNIVERSIDAD DE VIGO,ES,12,4,True,,23,27,0,0,7,9,0,0,0,0,9,HORIZON-MISS-2022-CLIMA-01-04,True,,101112860,2025-09-30,2026-03-31,2026-10-07,https://cordis.europa.eu/project/id/101112860
101157447,GENESIS,GENESIS,Geologically Enhanced NaturE-based Solutions for climate change resiliency of critical water InfraStructure,IA,HORIZON-IA,HORIZON,True,,2023,HORIZON-MISS-2023-CLIMA-01,HORIZON-MISS-2023-CLIMA-01-02,"Testing and demonstrating transformative solutions to protect critical infrastructure from climate change, mainstreaming nature based solutions.",2024-09-01,2028-08-31,48,ongoing,SIGNED,10512440,9528926.75,AGENCIA ESTATAL CONSEJO SUPERIOR DE INVESTIGACIONES CIENTIFICAS,ES,20,6,True,,11,8,6,5,1,4,0,0,0,0,2,HORIZON-MISS-2023-CLIMA-01-02,True,,101157447,2025-09-30,2026-03-31,2026-10-07,https://cordis.europa.eu/project/id/101157447
101214172,GRACE,GRACE,Growing Climate Resilience in Remote rural Areas through Community Empowerment,IA,HORIZON-IA,HORIZON,True,,2024,HORIZON-MISS-2024-CLIMA-01,HORIZON-MISS-2024-CLIMA-01-07,Demonstration of solutions specifically suited to rural areas and small/ medium size population local communities,2025-10-01,2029-09-30,48,ongoing,SIGNED,7767872.5,7499785,FONDAZIONE CENTRO EURO-MEDITERRANEOSUI CAMBIAMENTI CLIMATICI,IT,26,15,True,,10,10,4,6,5,10,0,0,0,0,2,HORIZON-MISS-2024-CLIMA-01,False,el anexo 5 da la convocatoria y no el topic,101214172,2025-09-30,2026-03-31,2026-10-07,https://cordis.europa.eu/project/id/101214172
101139730,GreenInCities,GreenInCities,GreenInCities,IA,HORIZON-IA,HORIZON,True,,2023,HORIZON-MISS-2023-CLIMA-CITIES-01,HORIZON-MISS-2023-CLIMA-CITIES-01-01,"Urban greening and re-naturing for urban regeneration, resilience and climate neutrality",2024-01-01,2027-12-31,48,ongoing,SIGNED,13049208.75,11986364.5,INSTITUT D'ARQUITECTURA AVANCADA DE CATALUNYA,ES,31,13,True,,11,11,5,6,4,10,0,0,0,0,2,HORIZON-MISS-2023-CLIMA-CITIES-01-01,True,,101139730,2025-09-30,2026-03-31,2026-10-07,https://cordis.europa.eu/project/id/101139730
101157458,healthRiskADAPT,healthRiskADAPT,"User-driven Health risk Assessment Services and Innovative ADAPTation options against Threats from Heatwaves, Air Pollution, Wildfire Emission and Pollen",IA,HORIZON-IA,HORIZON,True,,2023,HORIZON-MISS-2023-CLIMA-01,HORIZON-MISS-2023-CLIMA-01-03,Testing and demonstrating transformative solutions to build resilience towards health risks caused by the effects of climate change,2024-11-01,2028-10-31,48,ongoing,SIGNED,5881451.25,5633151.25,STIFTELSEN NILU,NO,20,8,True,,12,12,5,7,1,8,0,0,0,0,4,HORIZON-MISS-2023-CLIMA-01-03,True,,101157458,2025-09-30,2026-03-31,2026-10-07,https://cordis.europa.eu/project/id/101157458
101093806,ICARIA,ICARIA,Improving ClimAte Resilience of crItical Assets,RIA,HORIZON-RIA,HORIZON,True,,2021,HORIZON-MISS-2021-CLIMA-02,HORIZON-MISS-2021-CLIMA-02-03,Towards asset level modelling of climate risks and adaptation,2023-01-01,2026-03-31,39,ended,SIGNED,2294146.25,2294146,"AQUATEC SOLUCIONES MEDIOAMBIENTALES, S.A.",ES,14,5,True,,3,3,0,0,2,3,0,0,0,0,0,HORIZON-MISS-2021-CLIMA-02-03,True,,101093806,2025-09-30,2026-03-31,2026-10-07,https://cordis.europa.eu/project/id/101093806
101037084,IMPETUS,IMPETUS,DYNAMIC INFORMATION MANAGEMENT APPROACH FOR THE IMPLEMENTATION OF CLIMATE RESILIENT ADAPTATION PACKAGES IN EUROPEAN REGIONS,IA,IA,H2020,True,,2020,H2020-LC-GD-2020,LC-GD-1-3-2020,Climate-resilient Innovation Packages for EU regions,2021-10-01,2025-12-31,51,ended,SIGNED,16224768.85,14872468.13,FUNDACIO EURECAT,ES,34,9,True,,7,9,7,0,3,7,0,0,0,0,5,H2020-LC-GD-2020-2,False,"el anexo 5 usa la referencia de la convocatoria H2020, no el topic",101037084,2025-09-30,2026-03-31,2026-10-07,https://cordis.europa.eu/project/id/101037084
101156653,ISMED-CLIM,ISMED-CLIM,Innovative Solutions across the MEDiterranean for mitigation of Climate change-related heaLth rIsks and enhancing health systeM resilience,IA,HORIZON-IA,HORIZON,True,,2023,HORIZON-MISS-2023-CLIMA-01,HORIZON-MISS-2023-CLIMA-01-03,Testing and demonstrating transformative solutions to build resilience towards health risks caused by the effects of climate change,2024-11-01,2028-10-31,48,ongoing,SIGNED,6345902.5,5999552,UNIVERSITY OF CYPRUS,CY,25,9,True,,11,11,7,4,4,5,0,0,0,0,4,HORIZON-MISS-2023-CLIMA-01-03,True,,101156653,2025-09-30,2026-03-31,2026-10-07,https://cordis.europa.eu/project/id/101156653
101214666,JustREACH,JustREACH,Just Climate Resilience through Enhanced Adaptation and Capacity Harnessing,RIA,HORIZON-RIA,HORIZON,True,,2024,HORIZON-MISS-2024-CLIMA-01,HORIZON-MISS-2024-CLIMA-01-05,Improve design for transformative approaches and build local capacity for implementation of available solutions focused on climate adaptation,2025-09-15,2029-09-14,48,ongoing,SIGNED,3998732.5,3998732.5,TECHNISCHE UNIVERSITEIT DELFT,NL,13,9,True,,5,6,0,0,2,5,0,0,0,0,1,HORIZON-MISS-2024-CLIMA-01,False,el anexo 5 da la convocatoria y no el topic,101214666,2025-09-30,2026-03-31,2026-10-07,https://cordis.europa.eu/project/id/101214666
101215174,JUSTSAFE,JUSTSAFE,Justice-Oriented Strategies for Social Adaptive Risk Management,IA,HORIZON-IA,HORIZON,True,,2024,HORIZON-MISS-2024-CLIMA-01,HORIZON-MISS-2024-CLIMA-01-08,Demonstration of approaches by regions and local authorities focused on increasing climate resilience of the most vulnerable social groups (just climate resilience),2025-06-01,2029-05-31,48,ongoing,SIGNED,7862138.1,7491750.6,DIMOS EGALEO,EL,25,12,True,,9,9,6,3,3,7,0,0,0,0,1,HORIZON-MISS-2024-CLIMA-01,False,el anexo 5 da la convocatoria y no el topic,101215174,2025-09-30,2026-03-31,2026-10-07,https://cordis.europa.eu/project/id/101215174
101212990,JUST4CARE,JUST4CARE,JUSTice for Communities Adaptation and REsilience,IA,HORIZON-IA,HORIZON,True,,2024,HORIZON-MISS-2024-CLIMA-01,HORIZON-MISS-2024-CLIMA-01-08,Demonstration of approaches by regions and local authorities focused on increasing climate resilience of the most vulnerable social groups (just climate resilience),2025-11-01,2028-10-31,36,ongoing,SIGNED,6881623.88,6551423.63,ASOCIACION BC3 BASQUE CENTRE FOR CLIMATE CHANGE - KLIMA ALDAKETA IKERGAI,ES,16,7,True,,4,4,4,0,3,4,0,0,0,0,0,HORIZON-MISS-2024-CLIMA-01,False,el anexo 5 da la convocatoria y no el topic,101212990,2025-09-30,2026-03-31,2026-10-07,https://cordis.europa.eu/project/id/101212990
101112781,LAND4CLIMATE,LAND4CLIMATE,UTILIZATION OF PRIVATE LAND FOR MAINSTREAMING NATURE-BASED SOLUTION IN THE SYSTEMIC TRANSFORMATION TOWARDS A CLIMATE-RESILIENT EUROPE,IA,HORIZON-IA,HORIZON,True,,2022,HORIZON-MISS-2022-CLIMA-01,HORIZON-MISS-2022-CLIMA-01-06,"Testing and demonstrating transformative solutions on climate resilience, mainstreaming nature based solutions in the systemic transformation",2023-09-01,2027-08-31,48,ongoing,SIGNED,12836621.75,12836621.75,TECHNISCHE UNIVERSITAT DORTMUND,DE,17,7,True,,13,11,6,7,4,6,0,0,0,0,3,HORIZON-MISS-2022-CLIMA-01-06,True,,101112781,2025-09-30,2026-03-31,2026-10-07,https://cordis.europa.eu/project/id/101112781
101157707,Med-IREN,Med-IREN,Mediterranean critical Infrastructure Resilience Engineering with Nature based solutions,IA,HORIZON-IA,HORIZON,True,,2023,HORIZON-MISS-2023-CLIMA-01,HORIZON-MISS-2023-CLIMA-01-02,"Testing and demonstrating transformative solutions to protect critical infrastructure from climate change, mainstreaming nature based solutions.",2024-10-01,2028-09-30,48,ongoing,SIGNED,11466040,10353273.25,"""NATIONAL CENTER FOR SCIENTIFIC RESEARCH """"DEMOKRITOS""""""",EL,28,10,True,,9,9,5,4,6,7,0,0,0,0,3,HORIZON-MISS-2023-CLIMA-01-02,True,,101157707,2025-09-30,2026-03-31,2026-10-07,https://cordis.europa.eu/project/id/101157707
101093854,MIRACA,MIRACA,Multi-hazard Infrastructure Risk Assessment for Climate Adaptation,RIA,HORIZON-RIA,HORIZON,True,,2021,HORIZON-MISS-2021-CLIMA-02,HORIZON-MISS-2021-CLIMA-02-03,Towards asset level modelling of climate risks and adaptation,2023-01-01,2026-12-31,48,ongoing,SIGNED,2050000,2050000,STICHTING VU,NL,6,4,True,,5,4,0,0,1,5,0,0,0,0,2,HORIZON-MISS-2021-CLIMA-02-03,True,,101093854,2025-09-30,2026-03-31,2026-10-07,https://cordis.europa.eu/project/id/101093854
101155958,MOUNTADAPT,MOUNTADAPT,Adaptation solutions to reduce climate change impact on health in the Mountain area,IA,HORIZON-IA,HORIZON,True,,2023,HORIZON-MISS-2023-CLIMA-01,HORIZON-MISS-2023-CLIMA-01-03,Testing and demonstrating transformative solutions to build resilience towards health risks caused by the effects of climate change,2024-06-01,2027-05-31,36,ongoing,SIGNED,6458180,5851010.14,EUROQUALITY SAS,FR,24,9,True,,7,6,4,3,1,6,0,0,0,0,2,HORIZON-MISS-2023-CLIMA-01-03,True,,101155958,2025-09-30,2026-03-31,2026-10-07,https://cordis.europa.eu/project/id/101155958
101112876,MountResilience,MountResilience,Accelerating transformative climate adaptation for higher resilience in European mountain regions,IA,HORIZON-IA,HORIZON,True,,2022,HORIZON-MISS-2022-CLIMA-01,HORIZON-MISS-2022-CLIMA-01-06,"Testing and demonstrating transformative solutions on climate resilience, mainstreaming nature based solutions in the systemic transformation",2023-09-01,2028-02-29,54,ongoing,SIGNED,15970687.5,15169196.25,UNIVERSITA DEGLI STUDI DI MILANO,IT,41,11,True,,10,10,6,4,3,9,0,0,0,0,0,HORIZON-MISS-2022-CLIMA-01-06,True,,101112876,2025-09-30,2026-03-31,2026-10-07,https://cordis.europa.eu/project/id/101112876
101112859,NATALIE,NATALIE,Accelerating and mainstreaming transformative NATure-bAsed solutions to enhance resiLIEence to climate change for diverse bio-geographical European regions,IA,HORIZON-IA,HORIZON,True,,2022,HORIZON-MISS-2022-CLIMA-01,HORIZON-MISS-2022-CLIMA-01-06,"Testing and demonstrating transformative solutions on climate resilience, mainstreaming nature based solutions in the systemic transformation",2023-09-01,2028-08-31,60,ongoing,SIGNED,16442039.62,15033486.25,OFFICE INTERNATIONAL DE L'EAU,FR,41,11,True,,13,13,8,5,8,10,0,0,0,0,5,HORIZON-MISS-2022-CLIMA-01-06,True,,101112859,2025-09-30,2026-03-31,2026-10-07,https://cordis.europa.eu/project/id/101112859
101212639,National Adaptation Hubs,AdaptationHubs,National Adaptation Hubs,CSA,HORIZON-CSA,HORIZON,True,,2024,HORIZON-MISS-2024-CLIMA-01,HORIZON-MISS-2024-CLIMA-01-02,Bringing together the national level with the engaged regional and local levels (multi-level governance),2025-11-01,2027-10-31,24,ongoing,SIGNED,3999237.5,3999237.5,REGIONALNA ENERGETSKO-KLIMATSKA AGENCIJA SJEVEROZAPADNE HRVATSKE,HR,32,27,False,"No regions in Appendix 5: AdaptationHubs works at national scale. It is setting up 27 National Adaptation Hubs, one per Member State, with 54 twinning activities between regions (CSA, started 1 November 2025).",0,0,0,0,0,0,0,0,0,0,0,,True,,101212639,2025-09-30,2026-03-31,2026-10-07,https://cordis.europa.eu/project/id/101212639
101157448,NATURE-DEMO,NATURE-DEMO,Nature-Based Solutions for Demonstrating Climate-Resilient Critical Infrastructure,IA,HORIZON-IA,HORIZON,True,,2023,HORIZON-MISS-2023-CLIMA-01,HORIZON-MISS-2023-CLIMA-01-02,"Testing and demonstrating transformative solutions to protect critical infrastructure from climate change, mainstreaming nature based solutions.",2024-05-01,2028-04-30,48,ongoing,SIGNED,8162693.94,7761769.38,DIGINNOCENT S.R.O.,CZ,18,11,True,,5,5,5,0,1,5,0,0,0,0,1,HORIZON-MISS-2023-CLIMA-01-02,True,,101157448,2025-09-30,2026-03-31,2026-10-07,https://cordis.europa.eu/project/id/101157448
101112836,NBRACER,NBRACER,Nature Based Solutions for Atlantic Regional Climate Resilience,IA,HORIZON-IA,HORIZON,True,,2022,HORIZON-MISS-2022-CLIMA-01,HORIZON-MISS-2022-CLIMA-01-06,"Testing and demonstrating transformative solutions on climate resilience, mainstreaming nature based solutions in the systemic transformation",2023-10-01,2027-09-30,48,ongoing,SIGNED,18140252.02,17438626.25,STICHTING DELTARES,NL,29,8,True,,8,8,5,3,5,6,0,0,0,0,0,HORIZON-MISS-2022-CLIMA-01-06,True,,101112836,2025-09-30,2026-03-31,2026-10-07,https://cordis.europa.eu/project/id/101112836
101214414,NURISH,NURISH,"NURturing transformative capacities, Innovation in NBS and Harmonious resilience in rural areas",IA,HORIZON-IA,HORIZON,True,,2024,HORIZON-MISS-2024-CLIMA-01,HORIZON-MISS-2024-CLIMA-01-07,Demonstration of solutions specifically suited to rural areas and small/ medium size population local communities,2025-10-01,2030-03-31,54,ongoing,SIGNED,8039877.5,7492688.75,ETHNICON METSOVION POLYTECHNION,EL,28,9,True,,9,10,4,5,3,7,0,0,0,0,2,HORIZON-MISS-2024-CLIMA-01,False,el anexo 5 da la convocatoria y no el topic,101214414,2025-09-30,2026-03-31,2026-10-07,https://cordis.europa.eu/project/id/101214414
101112919,OCEANIDS,OCEANIDS,"User-driven applications and tools for Climate-Informed Maritime Spatial Planning and integrated seascape management, towards a resilient & inclusive Blue Economy",RIA,HORIZON-RIA,HORIZON,True,,2022,HORIZON-MISS-2022-CLIMA-01,HORIZON-MISS-2022-CLIMA-01-01,"User driven applications and tools for regional and local authorities, and other end users focusing on climate impacts, data and knowledge.",2023-12-01,2026-07-31,32,ended,SIGNED,3096345,3096345,GEOSYSTEMS HELLAS IT KAI EFARMOGESGEOPLIROFORIAKON SYSTIMATON ANONIMIETAIREIA,EL,26,10,True,,7,10,0,0,4,6,0,0,0,0,2,HORIZON-MISS-2022-CLIMA-01-01,True,,101112919,2025-09-30,2026-03-31,2026-10-07,https://cordis.europa.eu/project/id/101112919
101093942,Pathways2Resilience,P2R,Pathways2Resilience: Co-developing pathways towards Climate resilient regions in Europe,Cascade,HORIZON-RIA,HORIZON,False,CORDIS: RIA; la Misión lo clasifica como Cascade (apoyo técnico y financiero en cascada a regiones),2021,HORIZON-MISS-2021-CLIMA-02,HORIZON-MISS-2021-CLIMA-02-02,Support to the regions in developing pathways towards climate resilience and corresponding innovation agendas,2023-01-01,2027-12-31,60,ongoing,SIGNED,29609362.5,29609362.5,STICHTING CLIMATE-KIC INTERNATIONAL FOUNDATION,NL,13,8,True,,100,85,0,0,30,38,38,62,38,62,35,HORIZON-MISS-2021-CLIMA-02-02,True,,101093942,2025-09-30,2026-03-31,2026-10-07,https://cordis.europa.eu/project/id/101093942
101112841,PIISA,PIISA,Piloting Innovative Insurance Solutions for Adaptation,RIA,HORIZON-RIA,HORIZON,True,,2022,HORIZON-MISS-2022-CLIMA-01,HORIZON-MISS-2022-CLIMA-01-03,Best practices on and piloting insurance solutions for climate adaptation in EU regions and communities,2023-06-01,2026-05-31,36,ended,SIGNED,2918968.75,2918968.75,ILMATIETEEN LAITOS,FI,11,5,True,,7,7,0,0,1,7,0,0,0,0,2,HORIZON-MISS-2022-CLIMA-01-03,True,,101112841,2025-09-30,2026-03-31,2026-10-07,https://cordis.europa.eu/project/id/101112841
101157094,Precilience,Precilience,Precision climate resilience for agriculture and forestry sectors in the European boreal regions,IA,HORIZON-IA,HORIZON,True,,2023,HORIZON-MISS-2023-CLIMA-01,HORIZON-MISS-2023-CLIMA-01-01,Testing and demonstrating transformative solutions increasing climate resilience of the agriculture and/or forestry sector.,2024-05-01,2028-10-31,54,ongoing,SIGNED,10470249,9999999,LUONNONVARAKESKUS,FI,16,7,True,,13,13,10,3,3,5,0,0,0,0,3,HORIZON-MISS-2023-CLIMA-01-01,True,,101157094,2025-09-30,2026-03-31,2026-10-07,https://cordis.europa.eu/project/id/101157094
101036560,REGILIENCE,REGILIENCE,Resilience Strategies for Regions,CSA,CSA,H2020,True,,2020,H2020-LC-GD-2020,LC-GD-1-3-2020,Climate-resilient Innovation Packages for EU regions,2021-11-01,2025-10-31,48,ended,SIGNED,2994472.5,2994472.5,INSTITUTE FOR EUROPEAN ENERGY AND CLIMATE POLICY STICHTING,NL,9,7,True,,7,7,0,0,2,6,0,0,0,0,1,H2020-LC-GD-2020-2,False,"el anexo 5 usa la referencia de la convocatoria H2020, no el topic",101036560,2025-09-30,2026-03-31,2026-10-07,https://cordis.europa.eu/project/id/101036560
101213634,REGILIENCE-plus,REGILIENCE-plus,Adaptation Solutions for Regional Climate Resilience,CSA,HORIZON-CSA,HORIZON,True,,2024,HORIZON-MISS-2024-CLIMA-01,HORIZON-MISS-2024-CLIMA-01-01,Bringing available and actionable solutions for climate adaptation to the knowledge of the regions and local authorities,2025-10-01,2027-09-30,24,ongoing,SIGNED,1998175,1998175,INSTITUTE FOR EUROPEAN ENERGY AND CLIMATE POLICY STICHTING,NL,9,7,False,"No regions in Appendix 5: REGILIENCE+ collects proven adaptation solutions and turns them into training materials for regional and national actors, shared through the Mission Portal and Climate-ADAPT (CSA, started 1 October 2025).",0,0,0,0,0,0,0,0,0,0,0,,True,,101213634,2025-09-30,2026-03-31,2026-10-07,https://cordis.europa.eu/project/id/101213634
101093873,Regions4Climate,R4C,Regions4Climate,IA,HORIZON-IA,HORIZON,True,,2021,HORIZON-MISS-2021-CLIMA-02,HORIZON-MISS-2021-CLIMA-02-04,Large scale demonstrators of climate resilience creating cross-border value,2023-01-01,2027-12-31,60,ongoing,SIGNED,26602703.13,24522103,TEKNOLOGIAN TUTKIMUSKESKUS VTT OY,FI,47,13,True,,12,12,12,0,6,11,0,0,0,0,1,HORIZON-MISS-2021-CLIMA-02-04,True,,101093873,2025-09-30,2026-03-31,2026-10-07,https://cordis.europa.eu/project/id/101093873
101139636,ReGreeneration,ReGreeneration,"The next generation of green, resilient and socially inclusive smart cities",IA,HORIZON-IA,HORIZON,True,,2023,HORIZON-MISS-2023-CLIMA-CITIES-01,HORIZON-MISS-2023-CLIMA-CITIES-01-01,"Urban greening and re-naturing for urban regeneration, resilience and climate neutrality",2024-01-01,2027-12-31,48,ongoing,SIGNED,10819307.32,9999358.63,INETUM,FR,24,12,True,,9,9,4,5,1,8,0,0,0,0,1,HORIZON-MISS-2023-CLIMA-CITIES-01-01,True,,101139636,2025-09-30,2026-03-31,2026-10-07,https://cordis.europa.eu/project/id/101139636
101214051,REHUBS,REHUBS,Rural Empowerment HUBS for climate resilience,IA,HORIZON-IA,HORIZON,True,,2024,HORIZON-MISS-2024-CLIMA-01,HORIZON-MISS-2024-CLIMA-01-07,Demonstration of solutions specifically suited to rural areas and small/ medium size population local communities,2025-10-01,2029-09-30,48,ongoing,SIGNED,7132906.25,6370833.13,DRAXIS RESEARCH VENTURES ASTIKI MI KERDOSKOPIKI ETAIRIA,EL,26,11,True,,6,6,3,3,1,6,0,0,0,0,1,HORIZON-MISS-2024-CLIMA-01,False,el anexo 5 da la convocatoria y no el topic,101214051,2025-09-30,2026-03-31,2026-10-07,https://cordis.europa.eu/project/id/101214051
101093968,RESIST,RESIST,"Regions for climate change resilience through Innovation, Science and Technology",IA,HORIZON-IA,HORIZON,True,,2021,HORIZON-MISS-2021-CLIMA-02,HORIZON-MISS-2021-CLIMA-02-04,Large scale demonstrators of climate resilience creating cross-border value,2023-01-01,2027-12-31,60,ongoing,SIGNED,26682827.75,24949990.25,SINTEF AS,NO,61,14,True,,12,12,12,0,12,10,0,0,0,0,3,HORIZON-MISS-2021-CLIMA-02-04,True,,101093968,2025-09-30,2026-03-31,2026-10-07,https://cordis.europa.eu/project/id/101093968
101214441,RISE-IN,RISE-IN,Resilient Investment for Sustainable Environments,IA,HORIZON-IA,HORIZON,True,,2024,HORIZON-MISS-2024-CLIMA-01,HORIZON-MISS-2024-CLIMA-01-06,"Demonstration of approaches to improve bankability of solutions by design, addressing the co-benefits (mitigation and adaptation) to improve revenues streams",2025-05-01,2030-04-30,60,ongoing,SIGNED,9502652,8944439.75,POLITECNICO DI MILANO,IT,24,13,True,,6,5,3,3,0,6,0,0,0,0,1,HORIZON-MISS-2024-CLIMA-01,False,el anexo 5 da la convocatoria y no el topic,101214441,2025-09-30,2026-03-31,2026-10-07,https://cordis.europa.eu/project/id/101214441
101093939,RISKADAPT,RISKADAPT,Asset Level Modelling of RISKs In the Face of Climate Induced Extreme Events and ADAPTtation,RIA,HORIZON-RIA,HORIZON,True,,2021,HORIZON-MISS-2021-CLIMA-02,HORIZON-MISS-2021-CLIMA-02-03,Towards asset level modelling of climate risks and adaptation,2023-01-01,2025-12-31,36,ended,SIGNED,2534786.25,2533536,RISA SICHERHEITSANALYSEN GMBH,DE,14,7,True,,4,3,0,0,0,3,0,0,0,0,1,HORIZON-MISS-2021-CLIMA-02-03,True,,101093939,2025-09-30,2026-03-31,2026-10-07,https://cordis.europa.eu/project/id/101093939
101212794,SMARTER,SMARTER,SYSTEMIC TRANSFORMATION TOWARDS LOCAL AND REGIONAL CLIMATE RESILIENCE,IA,HORIZON-IA,HORIZON,True,,2024,HORIZON-MISS-2024-CLIMA-01,HORIZON-MISS-2024-CLIMA-01-09,"Systemic and cross-sectoral solutions for climate resilience, tailored to the local needs of regions and local authorities",2025-06-01,2029-05-31,48,ongoing,SIGNED,8857864,8747351.2,VLAAMSE INSTELLING VOOR TECHNOLOGISCH ONDERZOEK N.V.,BE,18,7,True,,9,10,4,5,4,6,0,0,0,0,2,HORIZON-MISS-2024-CLIMA-01,False,el anexo 5 da la convocatoria y no el topic,101212794,2025-09-30,2026-03-31,2026-10-07,https://cordis.europa.eu/project/id/101212794
101112867,SOTERIA,SOTERIA,SOlutions TEsting for Regions through Insurance for climate Adaptation,RIA,HORIZON-RIA,HORIZON,True,,2022,HORIZON-MISS-2022-CLIMA-01,HORIZON-MISS-2022-CLIMA-01-03,Best practices on and piloting insurance solutions for climate adaptation in EU regions and communities,2023-09-01,2026-02-28,30,ended,SIGNED,2998353.75,2998353.75,ASOCIACION BC3 BASQUE CENTRE FOR CLIMATE CHANGE - KLIMA ALDAKETA IKERGAI,ES,16,6,True,,8,8,0,0,1,6,0,0,0,0,1,HORIZON-MISS-2022-CLIMA-01-03,True,,101112867,2025-09-30,2026-03-31,2026-10-07,https://cordis.europa.eu/project/id/101112867
101112906,SpongeBoost,SpongeBoost,Upscaling the natural sponge functions of freshwater ecosystems to deliver multi-benefit green deal solutions,RIA,HORIZON-RIA,HORIZON,True,,2022,HORIZON-MISS-2022-CLIMA-01,HORIZON-MISS-2022-CLIMA-01-05,Boost the sponge function of landscape as a way to improve climate-resilience to water management challenges,2024-01-01,2027-12-31,48,ongoing,SIGNED,2999918.75,2999918.75,HELMHOLTZ-ZENTRUM FUR UMWELTFORSCHUNG GMBH - UFZ,DE,10,7,True,,6,8,0,0,3,5,0,0,0,0,1,HORIZON-MISS-2022-CLIMA-01-05,True,,101112906,2025-09-30,2026-03-31,2026-10-07,https://cordis.europa.eu/project/id/101112906
101112738,SpongeScapes,SpongeScapes,Evidence and Solutions for improving SPONGE Functioning at LandSCAPE Scale in European Catchments for increased Resilience of Communities against Hydrometeorological Extreme Events,RIA,HORIZON-RIA,HORIZON,True,,2022,HORIZON-MISS-2022-CLIMA-01,HORIZON-MISS-2022-CLIMA-01-05,Boost the sponge function of landscape as a way to improve climate-resilience to water management challenges,2023-10-01,2027-09-30,48,ongoing,SIGNED,2613856.25,2613856.25,STICHTING DELTARES,NL,9,7,True,,14,12,0,0,0,7,0,0,0,0,5,HORIZON-MISS-2022-CLIMA-01-05,True,,101112738,2025-09-30,2026-03-31,2026-10-07,https://cordis.europa.eu/project/id/101112738
101156116,SpongeWorks,SpongeWorks,Co-creating and Upscaling Sponge Landscapes by Working with Natural Water Retention and Sustainable Management,IA,HORIZON-IA,HORIZON,True,,2023,HORIZON-MISS-2023-CLIMA-OCEAN-SOIL-01,HORIZON-MISS-2023-CLIMA-OCEAN-SOIL-01-01,"Mission Climate adaptation, Mission Ocean & waters and Mission Soil Deal for Europe – Joint demonstration of an integrated approach to increasing landscape water retention capacity at regional scale",2024-09-01,2028-08-31,48,ongoing,SIGNED,15336781.25,14998925,GOTTFRIED WILHELM LEIBNIZ UNIVERSITAET HANNOVER,DE,26,5,True,,11,12,3,8,2,12,0,0,0,0,4,HORIZON-MISS-2023-CLIMA-OCEAN-SOIL-01,False,el anexo 5 da la convocatoria y no el topic,101156116,2025-09-30,2026-03-31,2026-10-07,https://cordis.europa.eu/project/id/101156116
101212761,SystR,SystR,Accelerating Systemic Climate Adaptation Across Europe through Integrated Ecosystems of Resilience Solutions,IA,HORIZON-IA,HORIZON,True,,2024,HORIZON-MISS-2024-CLIMA-01,HORIZON-MISS-2024-CLIMA-01-09,"Systemic and cross-sectoral solutions for climate resilience, tailored to the local needs of regions and local authorities",2025-06-01,2029-05-31,48,ongoing,SIGNED,9351931.25,8988911.75,"""NATIONAL CENTER FOR SCIENTIFIC RESEARCH """"DEMOKRITOS""""""",EL,26,9,True,,6,6,3,3,4,5,0,0,0,0,1,HORIZON-MISS-2024-CLIMA-01,False,el anexo 5 da la convocatoria y no el topic,101212761,2025-09-30,2026-03-31,2026-10-07,https://cordis.europa.eu/project/id/101212761
101214557,TerraTwin,TerraTwin,Digital Twin-sustained 7D for the complex interplay between the climate and biodiversity crises including social-economic factors,RIA,HORIZON-RIA,HORIZON,True,,2024,HORIZON-MISS-2024-CLIMA-01,HORIZON-MISS-2024-CLIMA-01-04,Research the complex interplay between the climate and biodiversity crises towards more systemic approaches and solutions,2026-01-01,2028-12-31,36,ongoing,SIGNED,3162593.13,3162593.13,NETCOMPANY S.A.,LU,14,10,True,,5,5,0,0,3,4,0,0,0,0,0,HORIZON-MISS-2024-CLIMA-01,False,el anexo 5 da la convocatoria y no el topic,101214557,2025-09-30,2026-03-31,2026-10-07,https://cordis.europa.eu/project/id/101214557
101213184,Trees4Adapt,Trees4Adapt,Addressing complex risks from climate change and biodiversity loss across systems and scales: Leveraging the potential of tree-based solutions for adaptation in Europe,RIA,HORIZON-RIA,HORIZON,True,,2024,HORIZON-MISS-2024-CLIMA-01,HORIZON-MISS-2024-CLIMA-01-04,Research the complex interplay between the climate and biodiversity crises towards more systemic approaches and solutions,2025-10-01,2029-09-30,48,ongoing,SIGNED,3999290,3999290,LUONNONVARAKESKUS,FI,11,7,True,,3,12,0,0,0,3,0,0,0,0,1,HORIZON-MISS-2024-CLIMA-01,False,el anexo 5 da la convocatoria y no el topic,101213184,2025-09-30,2026-03-31,2026-10-07,https://cordis.europa.eu/project/id/101213184
101214311,TiCCA4Danu,TiCCA4Danu,Transformative Innovation for Climate Change Adaptation in the Danube Region,RIA,HORIZON-RIA,HORIZON,True,,2024,HORIZON-MISS-2024-CLIMA-01,HORIZON-MISS-2024-CLIMA-01-05,Improve design for transformative approaches and build local capacity for implementation of available solutions focused on climate adaptation,2025-06-01,2028-05-31,36,ongoing,SIGNED,3821693,3821693,VDI/VDE INNOVATION + TECHNIK GMBH,DE,12,8,True,,5,5,0,0,2,5,0,0,0,0,0,HORIZON-MISS-2024-CLIMA-01,False,el anexo 5 da la convocatoria y no el topic,101214311,2025-09-30,2026-03-31,2026-10-07,https://cordis.europa.eu/project/id/101214311
101155748,TRANSFORM,TRANSFORM,"Transformative Rotations for AdaptatioN and Sustainable Future, Outcome and Resilience Mapping",IA,HORIZON-IA,HORIZON,True,,2023,HORIZON-MISS-2023-CLIMA-01,HORIZON-MISS-2023-CLIMA-01-01,Testing and demonstrating transformative solutions increasing climate resilience of the agriculture and/or forestry sector.,2024-06-01,2029-05-31,60,ongoing,SIGNED,8561533.75,8510200,"INSTITUT NATIONAL DE RECHERCHE POUR L'AGRICULTURE, L'ALIMENTATION ET L'ENVIRONNEMENT",FR,16,6,True,,12,14,6,6,5,7,0,0,0,0,3,HORIZON-MISS-2023-CLIMA-01-01,True,,101155748,2025-09-30,2026-03-31,2026-10-07,https://cordis.europa.eu/project/id/101155748
101036683,TransformAr,TransformAr,Accelerating and upscaling transformational adaptation in Europe: demonstration of water-related innovation packages,IA,IA,H2020,True,,2020,H2020-LC-GD-2020,LC-GD-1-3-2020,Climate-resilient Innovation Packages for EU regions,2021-10-01,2025-09-30,48,ended,CLOSED,12730322.5,11872256.88,UNIVERSITEIT ANTWERPEN,BE,22,11,True,,7,7,6,1,2,7,0,0,0,0,4,H2020-LC-GD-2020-2,False,"el anexo 5 usa la referencia de la convocatoria H2020, no el topic",101036683,2025-09-30,2026-03-31,2026-10-07,https://cordis.europa.eu/project/id/101036683
101215153,UNDERPIN,UNDERPIN,oUtcome iNDicators to mEasuRe Progress on climate resIlieNce,RIA,HORIZON-RIA,HORIZON,True,,2024,HORIZON-MISS-2024-CLIMA-01,HORIZON-MISS-2024-CLIMA-01-03,"Develop and refine outcome indicators to measure progress on climate resilience at national, regional and local levels, including knowledge and feedback developed from the Mission",2025-09-01,2028-08-31,36,ongoing,SIGNED,2998937.5,2998937.5,ETABLISSEMENT D'ENSEIGNEMENT SUPERIEUR CONSULAIRE HAUTES ETUDES COMMERCIALES DE PARIS,FR,9,6,True,,4,4,0,0,4,4,0,0,0,0,0,HORIZON-MISS-2024-CLIMA-01,False,el anexo 5 da la convocatoria y no el topic,101215153,2025-09-30,2026-03-31,2026-10-07,https://cordis.europa.eu/project/id/101215153
101139711,URBREATH,URBREATH,Systemic Integration of Transformative Technical and Nature-based Solutions to Improve Climate Neutrality of European Cities and Regions and tackle Climate Change: the URBreath Approach,IA,HORIZON-IA,HORIZON,True,,2023,HORIZON-MISS-2023-CLIMA-CITIES-01,HORIZON-MISS-2023-CLIMA-CITIES-01-01,"Urban greening and re-naturing for urban regeneration, resilience and climate neutrality",2024-01-01,2027-12-31,48,ongoing,SIGNED,14963862.5,13227485,THE LISBON COUNCIL FOR ECONOMIC COMPETITIVENESS ASBL,BE,36,11,True,,9,9,4,5,5,9,0,0,0,0,0,HORIZON-MISS-2023-CLIMA-CITIES-01-01,True,,101139711,2025-09-30,2026-03-31,2026-10-07,https://cordis.europa.eu/project/id/101139711
101112837,VALORADA,VALORADA,Validated Local Risk Actionable Data for Adaptation,RIA,HORIZON-RIA,HORIZON,True,,2022,HORIZON-MISS-2022-CLIMA-01,HORIZON-MISS-2022-CLIMA-01-01,"User driven applications and tools for regional and local authorities, and other end users focusing on climate impacts, data and knowledge.",2023-06-01,2026-05-31,36,ended,SIGNED,2972863.75,2972863.75,HELMHOLTZ-ZENTRUM HEREON GMBH,DE,14,10,True,,7,7,0,0,3,5,0,0,0,0,0,HORIZON-MISS-2022-CLIMA-01-01,True,,101112837,2025-09-30,2026-03-31,2026-10-07,https://cordis.europa.eu/project/id/101112837
